,Date,Close
0,2011-01-03,18.350000381469727
1,2011-01-04,18.079999923706055
2,2011-01-05,18.450000762939453
3,2011-01-06,18.31999969482422
4,2011-01-07,18.239999771118164
5,2011-01-10,18.31999969482422
6,2011-01-11,18.360000610351562
7,2011-01-12,18.450000762939453
8,2011-01-13,18.399999618530273
9,2011-01-14,18.489999771118164
10,2011-01-18,18.559999465942383
11,2011-01-19,18.139999389648438
12,2011-01-20,17.979999542236328
13,2011-01-21,18.139999389648438
14,2011-01-24,18.06999969482422
15,2011-01-25,18.1299991607666
16,2011-01-26,18.110000610351562
17,2011-01-27,18.520000457763672
18,2011-01-28,17.8799991607666
19,2011-01-31,18.510000228881836
20,2011-02-01,19.010000228881836
21,2011-02-02,18.940000534057617
22,2011-02-03,18.959999084472656
23,2011-02-04,19.049999237060547
24,2011-02-07,19.440000534057617
25,2011-02-08,19.610000610351562
26,2011-02-09,19.489999771118164
27,2011-02-10,19.450000762939453
28,2011-02-11,19.770000457763672
29,2011-02-14,19.65999984741211
30,2011-02-15,18.8700008392334
31,2011-02-16,18.93000030517578
32,2011-02-17,18.950000762939453
33,2011-02-18,18.899999618530273
34,2011-02-22,18.209999084472656
35,2011-02-23,18.049999237060547
36,2011-02-24,17.940000534057617
37,2011-02-25,18.3799991607666
38,2011-02-28,18.399999618530273
39,2011-03-01,17.549999237060547
40,2011-03-02,17.639999389648438
41,2011-03-03,17.959999084472656
42,2011-03-04,17.670000076293945
43,2011-03-07,17.459999084472656
44,2011-03-08,17.709999084472656
45,2011-03-09,17.90999984741211
46,2011-03-10,17.520000457763672
47,2011-03-11,17.520000457763672
48,2011-03-14,17.34000015258789
49,2011-03-15,17.079999923706055
50,2011-03-16,16.889999389648438
51,2011-03-17,17.270000457763672
52,2011-03-18,17.479999542236328
53,2011-03-21,17.84000015258789
54,2011-03-22,17.6299991607666
55,2011-03-23,17.459999084472656
56,2011-03-24,17.709999084472656
57,2011-03-25,17.709999084472656
58,2011-03-28,17.200000762939453
59,2011-03-29,17.5
60,2011-03-30,17.530000686645508
61,2011-03-31,17.610000610351562
62,2011-04-01,17.420000076293945
63,2011-04-04,17.100000381469727
64,2011-04-05,16.90999984741211
65,2011-04-06,17.0
66,2011-04-07,16.899999618530273
67,2011-04-08,16.700000762939453
68,2011-04-11,16.5
69,2011-04-12,16.780000686645508
70,2011-04-13,16.760000228881836
71,2011-04-14,16.790000915527344
72,2011-04-15,17.020000457763672
73,2011-04-18,16.889999389648438
74,2011-04-19,17.309999465942383
75,2011-04-20,17.639999389648438
76,2011-04-21,17.90999984741211
77,2011-04-25,17.809999465942383
78,2011-04-26,17.84000015258789
79,2011-04-27,18.110000610351562
80,2011-04-28,17.90999984741211
81,2011-04-29,17.790000915527344
82,2011-05-02,17.520000457763672
83,2011-05-03,17.059999465942383
84,2011-05-04,16.989999771118164
85,2011-05-05,17.239999771118164
86,2011-05-06,17.360000610351562
87,2011-05-09,17.350000381469727
88,2011-05-10,17.479999542236328
89,2011-05-11,17.010000228881836
90,2011-05-12,17.149999618530273
91,2011-05-13,16.969999313354492
92,2011-05-16,16.969999313354492
93,2011-05-17,16.81999969482422
94,2011-05-18,16.969999313354492
95,2011-05-19,17.170000076293945
96,2011-05-20,16.989999771118164
97,2011-05-23,16.899999618530273
98,2011-05-24,16.809999465942383
99,2011-05-25,16.8799991607666
100,2011-05-26,17.530000686645508
101,2011-05-27,17.59000015258789
102,2011-05-31,17.579999923706055
103,2011-06-01,16.940000534057617
104,2011-06-02,16.920000076293945
105,2011-06-03,16.889999389648438
106,2011-06-06,16.520000457763672
107,2011-06-07,16.639999389648438
108,2011-06-08,16.450000762939453
109,2011-06-09,16.360000610351562
110,2011-06-10,15.800000190734863
111,2011-06-13,15.930000305175781
112,2011-06-14,16.1200008392334
113,2011-06-15,15.800000190734863
114,2011-06-16,15.850000381469727
115,2011-06-17,16.09000015258789
116,2011-06-20,16.299999237060547
117,2011-06-21,16.469999313354492
118,2011-06-22,16.40999984741211
119,2011-06-23,16.1299991607666
120,2011-06-24,16.139999389648438
121,2011-06-27,16.260000228881836
122,2011-06-28,16.479999542236328
123,2011-06-29,16.549999237060547
124,2011-06-30,16.950000762939453
125,2011-07-01,17.6299991607666
126,2011-07-05,17.450000762939453
127,2011-07-06,17.350000381469727
128,2011-07-07,17.549999237060547
129,2011-07-08,17.450000762939453
130,2011-07-11,16.979999542236328
131,2011-07-12,17.280000686645508
132,2011-07-13,17.239999771118164
133,2011-07-14,16.639999389648438
134,2011-07-15,16.799999237060547
135,2011-07-18,16.489999771118164
136,2011-07-19,16.510000228881836
137,2011-07-20,16.940000534057617
138,2011-07-21,16.969999313354492
139,2011-07-22,16.969999313354492
140,2011-07-25,16.700000762939453
141,2011-07-26,16.860000610351562
142,2011-07-27,16.149999618530273
143,2011-07-28,16.149999618530273
144,2011-07-29,15.850000381469727
145,2011-08-01,15.579999923706055
146,2011-08-02,14.930000305175781
147,2011-08-03,14.8100004196167
148,2011-08-04,13.6899995803833
149,2011-08-05,13.529999732971191
150,2011-08-08,11.859999656677246
151,2011-08-09,12.449999809265137
152,2011-08-10,12.0
153,2011-08-11,12.5
154,2011-08-12,12.100000381469727
155,2011-08-15,12.539999961853027
156,2011-08-16,12.329999923706055
157,2011-08-17,12.369999885559082
158,2011-08-18,11.289999961853027
159,2011-08-19,10.779999732971191
160,2011-08-22,10.600000381469727
161,2011-08-23,10.90999984741211
162,2011-08-24,11.0
163,2011-08-25,10.619999885559082
164,2011-08-26,10.619999885559082
165,2011-08-29,11.3100004196167
166,2011-08-30,11.59000015258789
167,2011-08-31,11.829999923706055
168,2011-09-01,11.699999809265137
169,2011-09-02,11.069999694824219
170,2011-09-06,10.729999542236328
171,2011-09-07,11.380000114440918
172,2011-09-08,10.989999771118164
173,2011-09-09,10.6899995803833
174,2011-09-12,10.75
175,2011-09-13,11.029999732971191
176,2011-09-14,11.449999809265137
177,2011-09-15,11.8100004196167
178,2011-09-16,12.119999885559082
179,2011-09-19,11.649999618530273
180,2011-09-20,11.510000228881836
181,2011-09-21,10.829999923706055
182,2011-09-22,10.489999771118164
183,2011-09-23,10.550000190734863
184,2011-09-26,11.1899995803833
185,2011-09-27,11.449999809265137
186,2011-09-28,10.989999771118164
187,2011-09-29,11.25
188,2011-09-30,10.9399995803833
189,2011-10-03,10.170000076293945
190,2011-10-04,10.640000343322754
191,2011-10-05,10.550000190734863
192,2011-10-06,10.890000343322754
193,2011-10-07,10.770000457763672
194,2011-10-10,11.489999771118164
195,2011-10-11,11.359999656677246
196,2011-10-12,11.84000015258789
197,2011-10-13,11.84000015258789
198,2011-10-14,12.369999885559082
199,2011-10-17,11.989999771118164
200,2011-10-18,12.899999618530273
201,2011-10-19,12.609999656677246
202,2011-10-20,12.720000267028809
203,2011-10-21,13.449999809265137
204,2011-10-24,13.819999694824219
205,2011-10-25,13.350000381469727
206,2011-10-26,13.729999542236328
207,2011-10-27,14.609999656677246
208,2011-10-28,14.59000015258789
209,2011-10-31,14.270000457763672
210,2011-11-01,13.65999984741211
211,2011-11-02,14.289999961853027
212,2011-11-03,14.619999885559082
213,2011-11-04,14.539999961853027
214,2011-11-07,14.369999885559082
215,2011-11-08,14.510000228881836
216,2011-11-09,13.390000343322754
217,2011-11-10,13.369999885559082
218,2011-11-11,14.100000381469727
219,2011-11-14,13.9399995803833
220,2011-11-15,14.220000267028809
221,2011-11-16,13.979999542236328
222,2011-11-17,13.539999961853027
223,2011-11-18,13.789999961853027
224,2011-11-21,13.40999984741211
225,2011-11-22,13.140000343322754
226,2011-11-23,12.630000114440918
227,2011-11-25,12.8100004196167
228,2011-11-28,13.199999809265137
229,2011-11-29,13.199999809265137
230,2011-11-30,14.149999618530273
231,2011-12-01,14.170000076293945
232,2011-12-02,14.3100004196167
233,2011-12-05,14.59000015258789
234,2011-12-06,14.4399995803833
235,2011-12-07,14.5
236,2011-12-08,14.039999961853027
237,2011-12-09,14.3100004196167
238,2011-12-12,14.09000015258789
239,2011-12-13,13.880000114440918
240,2011-12-14,13.710000038146973
241,2011-12-15,13.800000190734863
242,2011-12-16,13.880000114440918
243,2011-12-19,13.630000114440918
244,2011-12-20,14.260000228881836
245,2011-12-21,14.300000190734863
246,2011-12-22,14.550000190734863
247,2011-12-23,14.520000457763672
248,2011-12-27,14.670000076293945
249,2011-12-28,14.479999542236328
250,2011-12-29,14.75
251,2011-12-30,14.770000457763672
252,2012-01-03,14.869999885559082
253,2012-01-04,14.710000038146973
254,2012-01-05,14.930000305175781
255,2012-01-06,14.989999771118164
256,2012-01-09,15.130000114440918
257,2012-01-10,15.5
258,2012-01-11,15.699999809265137
259,2012-01-12,15.649999618530273
260,2012-01-13,15.5600004196167
261,2012-01-17,15.59000015258789
262,2012-01-18,15.859999656677246
263,2012-01-19,15.859999656677246
264,2012-01-20,16.229999542236328
265,2012-01-23,16.270000457763672
266,2012-01-24,16.459999084472656
267,2012-01-25,16.6200008392334
268,2012-01-26,16.389999389648438
269,2012-01-27,16.520000457763672
270,2012-01-30,16.329999923706055
271,2012-01-31,16.420000076293945
272,2012-02-01,16.540000915527344
273,2012-02-02,16.280000686645508
274,2012-02-03,16.90999984741211
275,2012-02-06,17.25
276,2012-02-07,17.1200008392334
277,2012-02-08,17.110000610351562
278,2012-02-09,16.899999618530273
279,2012-02-10,16.68000030517578
280,2012-02-13,17.010000228881836
281,2012-02-14,16.329999923706055
282,2012-02-15,16.18000030517578
283,2012-02-16,16.350000381469727
284,2012-02-17,16.399999618530273
285,2012-02-21,15.930000305175781
286,2012-02-22,15.760000228881836
287,2012-02-23,16.1299991607666
288,2012-02-24,15.979999542236328
289,2012-02-27,16.030000686645508
290,2012-02-28,15.869999885559082
291,2012-02-29,15.779999732971191
292,2012-03-01,15.65999984741211
293,2012-03-02,15.520000457763672
294,2012-03-05,15.529999732971191
295,2012-03-06,15.0600004196167
296,2012-03-07,15.279999732971191
297,2012-03-08,15.34000015258789
298,2012-03-09,15.550000190734863
299,2012-03-12,15.430000305175781
300,2012-03-13,16.200000762939453
301,2012-03-14,15.880000114440918
302,2012-03-15,15.899999618530273
303,2012-03-16,15.989999771118164
304,2012-03-19,16.5
305,2012-03-20,16.450000762939453
306,2012-03-21,16.329999923706055
307,2012-03-22,16.100000381469727
308,2012-03-23,16.200000762939453
309,2012-03-26,16.670000076293945
310,2012-03-27,16.540000915527344
311,2012-03-28,16.170000076293945
312,2012-03-29,16.020000457763672
313,2012-03-30,16.420000076293945
314,2012-04-02,16.540000915527344
315,2012-04-03,16.690000534057617
316,2012-04-04,16.25
317,2012-04-05,16.200000762939453
318,2012-04-09,15.899999618530273
319,2012-04-10,15.569999694824219
320,2012-04-11,16.010000228881836
321,2012-04-12,16.399999618530273
322,2012-04-13,16.309999465942383
323,2012-04-16,16.3799991607666
324,2012-04-17,16.489999771118164
325,2012-04-18,16.280000686645508
326,2012-04-19,16.600000381469727
327,2012-04-20,16.780000686645508
328,2012-04-23,16.3700008392334
329,2012-04-24,16.780000686645508
330,2012-04-25,16.610000610351562
331,2012-04-26,16.649999618530273
332,2012-04-27,16.790000915527344
333,2012-04-30,16.639999389648438
334,2012-05-01,17.059999465942383
335,2012-05-02,16.850000381469727
336,2012-05-03,16.5
337,2012-05-04,16.270000457763672
338,2012-05-07,16.200000762939453
339,2012-05-08,16.079999923706055
340,2012-05-09,15.970000267028809
341,2012-05-10,16.059999465942383
342,2012-05-11,16.1299991607666
343,2012-05-14,15.670000076293945
344,2012-05-15,15.550000190734863
345,2012-05-16,15.300000190734863
346,2012-05-17,14.489999771118164
347,2012-05-18,14.109999656677246
348,2012-05-21,14.880000114440918
349,2012-05-22,15.0600004196167
350,2012-05-23,15.130000114440918
351,2012-05-24,15.09000015258789
352,2012-05-25,15.149999618530273
353,2012-05-29,15.529999732971191
354,2012-05-30,15.15999984741211
355,2012-05-31,15.260000228881836
356,2012-06-01,14.430000305175781
357,2012-06-04,14.3100004196167
358,2012-06-05,14.729999542236328
359,2012-06-06,15.380000114440918
360,2012-06-07,15.220000267028809
361,2012-06-08,15.34000015258789
362,2012-06-11,15.039999961853027
363,2012-06-12,15.399999618530273
364,2012-06-13,14.970000267028809
365,2012-06-14,15.25
366,2012-06-15,15.579999923706055
367,2012-06-18,15.739999771118164
368,2012-06-19,15.899999618530273
369,2012-06-20,15.84000015258789
370,2012-06-21,15.460000038146973
371,2012-06-22,15.420000076293945
372,2012-06-25,14.979999542236328
373,2012-06-26,15.109999656677246
374,2012-06-27,15.140000343322754
375,2012-06-28,15.220000267028809
376,2012-06-29,15.819999694824219
377,2012-07-02,15.90999984741211
378,2012-07-03,16.18000030517578
379,2012-07-05,16.149999618530273
380,2012-07-06,16.0
381,2012-07-09,15.84000015258789
382,2012-07-10,15.470000267028809
383,2012-07-11,15.5
384,2012-07-12,15.010000228881836
385,2012-07-13,15.229999542236328
386,2012-07-16,15.380000114440918
387,2012-07-17,15.5
388,2012-07-18,15.390000343322754
389,2012-07-19,15.199999809265137
390,2012-07-20,15.039999961853027
391,2012-07-23,14.630000114440918
392,2012-07-24,14.1899995803833
393,2012-07-25,14.0600004196167
394,2012-07-26,14.40999984741211
395,2012-07-27,14.760000228881836
396,2012-07-30,14.619999885559082
397,2012-07-31,14.680000305175781
398,2012-08-01,14.640000343322754
399,2012-08-02,14.520000457763672
400,2012-08-03,15.039999961853027
401,2012-08-06,15.1899995803833
402,2012-08-07,15.1899995803833
403,2012-08-08,15.140000343322754
404,2012-08-09,15.210000038146973
405,2012-08-10,15.279999732971191
406,2012-08-13,15.270000457763672
407,2012-08-14,15.180000305175781
408,2012-08-15,15.390000343322754
409,2012-08-16,15.630000114440918
410,2012-08-17,15.5600004196167
411,2012-08-20,15.510000228881836
412,2012-08-21,15.420000076293945
413,2012-08-22,15.359999656677246
414,2012-08-23,15.229999542236328
415,2012-08-24,15.350000381469727
416,2012-08-27,15.220000267028809
417,2012-08-28,15.300000190734863
418,2012-08-29,15.25
419,2012-08-30,15.140000343322754
420,2012-08-31,15.300000190734863
421,2012-09-04,15.260000228881836
422,2012-09-05,15.15999984741211
423,2012-09-06,15.84000015258789
424,2012-09-07,16.299999237060547
425,2012-09-10,16.469999313354492
426,2012-09-11,16.5
427,2012-09-12,16.579999923706055
428,2012-09-13,16.989999771118164
429,2012-09-14,17.25
430,2012-09-17,17.209999084472656
431,2012-09-18,17.15999984741211
432,2012-09-19,16.969999313354492
433,2012-09-20,16.579999923706055
434,2012-09-21,16.639999389648438
435,2012-09-24,16.600000381469727
436,2012-09-25,16.139999389648438
437,2012-09-26,16.040000915527344
438,2012-09-27,16.1200008392334
439,2012-09-28,16.049999237060547
440,2012-10-01,15.760000228881836
441,2012-10-02,15.619999885559082
442,2012-10-03,15.670000076293945
443,2012-10-04,15.75
444,2012-10-05,15.720000267028809
445,2012-10-08,15.619999885559082
446,2012-10-09,15.529999732971191
447,2012-10-10,15.670000076293945
448,2012-10-11,15.850000381469727
449,2012-10-12,15.6899995803833
450,2012-10-15,15.770000457763672
451,2012-10-16,15.699999809265137
452,2012-10-17,15.6899995803833
453,2012-10-18,15.680000305175781
454,2012-10-19,15.550000190734863
455,2012-10-22,15.470000267028809
456,2012-10-23,15.1899995803833
457,2012-10-24,15.069999694824219
458,2012-10-25,14.949999809265137
459,2012-10-26,14.789999961853027
460,2012-10-31,14.460000038146973
461,2012-11-01,14.59000015258789
462,2012-11-02,14.640000343322754
463,2012-11-05,14.4399995803833
464,2012-11-06,14.680000305175781
465,2012-11-07,14.350000381469727
466,2012-11-08,14.210000038146973
467,2012-11-09,14.239999771118164
468,2012-11-12,14.25
469,2012-11-13,14.380000114440918
470,2012-11-14,14.0
471,2012-11-15,13.869999885559082
472,2012-11-16,13.779999732971191
473,2012-11-19,14.170000076293945
474,2012-11-20,14.470000267028809
475,2012-11-21,14.4399995803833
476,2012-11-23,14.680000305175781
477,2012-11-26,14.5600004196167
478,2012-11-27,14.489999771118164
479,2012-11-28,14.399999618530273
480,2012-11-29,14.6899995803833
481,2012-11-30,14.6899995803833
482,2012-12-03,14.529999732971191
483,2012-12-04,14.630000114440918
484,2012-12-05,14.630000114440918
485,2012-12-06,14.979999542236328
486,2012-12-07,15.09000015258789
487,2012-12-10,15.140000343322754
488,2012-12-11,15.270000457763672
489,2012-12-12,15.229999542236328
490,2012-12-13,15.15999984741211
491,2012-12-14,15.260000228881836
492,2012-12-17,15.319999694824219
493,2012-12-18,15.670000076293945
494,2012-12-19,15.5600004196167
495,2012-12-20,15.859999656677246
496,2012-12-21,15.800000190734863
497,2012-12-24,15.800000190734863
498,2012-12-26,15.640000343322754
499,2012-12-27,15.569999694824219
500,2012-12-28,15.380000114440918
501,2012-12-31,15.670000076293945
502,2013-01-02,16.139999389648438
503,2013-01-03,16.350000381469727
504,2013-01-04,16.68000030517578
505,2013-01-07,16.790000915527344
506,2013-01-08,16.75
507,2013-01-09,16.709999084472656
508,2013-01-10,16.899999618530273
509,2013-01-11,16.670000076293945
510,2013-01-14,16.639999389648438
511,2013-01-15,16.780000686645508
512,2013-01-16,16.639999389648438
513,2013-01-17,16.549999237060547
514,2013-01-18,16.709999084472656
515,2013-01-22,16.799999237060547
516,2013-01-23,16.8799991607666
517,2013-01-24,16.90999984741211
518,2013-01-25,17.190000534057617
519,2013-01-28,17.25
520,2013-01-29,17.15999984741211
521,2013-01-30,16.780000686645508
522,2013-01-31,16.790000915527344
523,2013-02-01,16.690000534057617
524,2013-02-04,16.40999984741211
525,2013-02-05,16.549999237060547
526,2013-02-06,16.520000457763672
527,2013-02-07,16.540000915527344
528,2013-02-08,16.809999465942383
529,2013-02-11,16.899999618530273
530,2013-02-12,17.18000030517578
531,2013-02-13,17.149999618530273
532,2013-02-14,17.149999618530273
533,2013-02-15,17.170000076293945
534,2013-02-19,17.280000686645508
535,2013-02-20,17.030000686645508
536,2013-02-21,16.43000030517578
537,2013-02-22,16.889999389648438
538,2013-02-25,16.5
539,2013-02-26,16.59000015258789
540,2013-02-27,16.700000762939453
541,2013-02-28,16.670000076293945
542,2013-03-01,16.610000610351562
543,2013-03-04,16.6200008392334
544,2013-03-05,16.610000610351562
545,2013-03-06,16.5
546,2013-03-07,16.540000915527344
547,2013-03-08,16.93000030517578
548,2013-03-11,17.270000457763672
549,2013-03-12,17.209999084472656
550,2013-03-13,17.31999969482422
551,2013-03-14,17.520000457763672
552,2013-03-15,17.729999542236328
553,2013-03-18,17.34000015258789
554,2013-03-19,17.010000228881836
555,2013-03-20,17.030000686645508
556,2013-03-21,16.760000228881836
557,2013-03-22,17.0
558,2013-03-25,16.989999771118164
559,2013-03-26,17.149999618530273
560,2013-03-27,17.290000915527344
561,2013-03-28,17.489999771118164
562,2013-04-01,17.420000076293945
563,2013-04-02,17.25
564,2013-04-03,17.18000030517578
565,2013-04-04,17.59000015258789
566,2013-04-05,17.450000762939453
567,2013-04-08,17.670000076293945
568,2013-04-09,17.59000015258789
569,2013-04-10,17.799999237060547
570,2013-04-11,17.969999313354492
571,2013-04-12,17.8700008392334
572,2013-04-15,17.190000534057617
573,2013-04-16,17.670000076293945
574,2013-04-17,17.309999465942383
575,2013-04-18,17.170000076293945
576,2013-04-19,17.56999969482422
577,2013-04-22,17.670000076293945
578,2013-04-23,18.010000228881836
579,2013-04-24,17.84000015258789
580,2013-04-25,17.8799991607666
581,2013-04-26,17.729999542236328
582,2013-04-29,17.850000381469727
583,2013-04-30,18.270000457763672
584,2013-05-01,18.229999542236328
585,2013-05-02,18.40999984741211
586,2013-05-03,18.350000381469727
587,2013-05-06,18.440000534057617
588,2013-05-07,18.56999969482422
589,2013-05-08,18.450000762939453
590,2013-05-09,18.350000381469727
591,2013-05-10,18.56999969482422
592,2013-05-13,18.479999542236328
593,2013-05-14,18.479999542236328
594,2013-05-15,18.68000030517578
595,2013-05-16,18.700000762939453
596,2013-05-17,18.770000457763672
597,2013-05-20,18.540000915527344
598,2013-05-21,18.510000228881836
599,2013-05-22,18.25
600,2013-05-23,17.940000534057617
601,2013-05-24,18.1299991607666
602,2013-05-28,18.299999237060547
603,2013-05-29,17.979999542236328
604,2013-05-30,17.969999313354492
605,2013-05-31,17.790000915527344
606,2013-06-03,17.709999084472656
607,2013-06-04,17.309999465942383
608,2013-06-05,17.0
609,2013-06-06,17.3700008392334
610,2013-06-07,17.420000076293945
611,2013-06-10,17.270000457763672
612,2013-06-11,16.860000610351562
613,2013-06-12,16.420000076293945
614,2013-06-13,17.020000457763672
615,2013-06-14,17.219999313354492
616,2013-06-17,17.170000076293945
617,2013-06-18,17.219999313354492
618,2013-06-19,16.6299991607666
619,2013-06-20,16.020000457763672
620,2013-06-21,16.18000030517578
621,2013-06-24,16.059999465942383
622,2013-06-25,16.5
623,2013-06-26,16.489999771118164
624,2013-06-27,16.8700008392334
625,2013-06-28,16.8700008392334
626,2013-07-01,16.920000076293945
627,2013-07-02,17.1299991607666
628,2013-07-03,16.989999771118164
629,2013-07-05,17.549999237060547
630,2013-07-08,17.579999923706055
631,2013-07-09,17.770000457763672
632,2013-07-10,17.790000915527344
633,2013-07-11,18.139999389648438
634,2013-07-12,17.989999771118164
635,2013-07-15,18.040000915527344
636,2013-07-16,18.06999969482422
637,2013-07-17,18.020000457763672
638,2013-07-18,18.350000381469727
639,2013-07-19,18.549999237060547
640,2013-07-22,18.68000030517578
641,2013-07-23,18.350000381469727
642,2013-07-24,18.040000915527344
643,2013-07-25,18.299999237060547
644,2013-07-26,18.1200008392334
645,2013-07-29,17.959999084472656
646,2013-07-30,18.020000457763672
647,2013-07-31,17.860000610351562
648,2013-08-01,18.15999984741211
649,2013-08-02,18.5
650,2013-08-05,18.06999969482422
651,2013-08-06,17.729999542236328
652,2013-08-07,17.670000076293945
653,2013-08-08,17.729999542236328
654,2013-08-09,17.700000762939453
655,2013-08-12,17.709999084472656
656,2013-08-13,17.489999771118164
657,2013-08-14,17.389999389648438
658,2013-08-15,17.010000228881836
659,2013-08-16,16.520000457763672
660,2013-08-19,16.40999984741211
661,2013-08-20,16.93000030517578
662,2013-08-21,16.90999984741211
663,2013-08-22,17.25
664,2013-08-23,17.420000076293945
665,2013-08-26,17.31999969482422
666,2013-08-27,17.06999969482422
667,2013-08-28,17.1299991607666
668,2013-08-29,17.239999771118164
669,2013-08-30,17.030000686645508
670,2013-09-03,17.040000915527344
671,2013-09-04,17.34000015258789
672,2013-09-05,17.100000381469727
673,2013-09-06,17.290000915527344
674,2013-09-09,17.799999237060547
675,2013-09-10,18.030000686645508
676,2013-09-11,18.229999542236328
677,2013-09-12,18.030000686645508
678,2013-09-13,18.059999465942383
679,2013-09-16,18.1200008392334
680,2013-09-17,18.299999237060547
681,2013-09-18,18.700000762939453
682,2013-09-19,18.6299991607666
683,2013-09-20,18.219999313354492
684,2013-09-23,18.06999969482422
685,2013-09-24,17.920000076293945
686,2013-09-25,18.0
687,2013-09-26,17.989999771118164
688,2013-09-27,17.81999969482422
689,2013-09-30,17.670000076293945
690,2013-10-01,17.899999618530273
691,2013-10-02,18.110000610351562
692,2013-10-03,17.649999618530273
693,2013-10-04,17.780000686645508
694,2013-10-07,17.59000015258789
695,2013-10-08,17.309999465942383
696,2013-10-09,17.09000015258789
697,2013-10-10,17.6200008392334
698,2013-10-11,17.90999984741211
699,2013-10-14,17.93000030517578
700,2013-10-15,17.65999984741211
701,2013-10-16,18.09000015258789
702,2013-10-17,18.459999084472656
703,2013-10-18,18.579999923706055
704,2013-10-21,18.639999389648438
705,2013-10-22,18.549999237060547
706,2013-10-23,18.360000610351562
707,2013-10-24,18.65999984741211
708,2013-10-25,18.780000686645508
709,2013-10-28,18.6200008392334
710,2013-10-29,18.6299991607666
711,2013-10-30,18.520000457763672
712,2013-10-31,18.549999237060547
713,2013-11-01,18.809999465942383
714,2013-11-04,19.059999465942383
715,2013-11-05,18.860000610351562
716,2013-11-06,18.90999984741211
717,2013-11-07,18.479999542236328
718,2013-11-08,18.600000381469727
719,2013-11-11,18.530000686645508
720,2013-11-12,18.450000762939453
721,2013-11-13,18.709999084472656
722,2013-11-14,18.809999465942383
723,2013-11-15,19.010000228881836
724,2013-11-18,18.850000381469727
725,2013-11-19,18.56999969482422
726,2013-11-20,18.43000030517578
727,2013-11-21,18.729999542236328
728,2013-11-22,18.579999923706055
729,2013-11-25,18.479999542236328
730,2013-11-26,18.43000030517578
731,2013-11-27,18.559999465942383
732,2013-11-29,18.40999984741211
733,2013-12-02,18.190000534057617
734,2013-12-03,17.989999771118164
735,2013-12-04,18.149999618530273
736,2013-12-05,18.200000762939453
737,2013-12-06,18.469999313354492
738,2013-12-09,18.549999237060547
739,2013-12-10,18.540000915527344
740,2013-12-11,18.110000610351562
741,2013-12-12,17.850000381469727
742,2013-12-13,18.06999969482422
743,2013-12-16,18.229999542236328
744,2013-12-17,18.40999984741211
745,2013-12-18,18.860000610351562
746,2013-12-19,18.8700008392334
747,2013-12-20,19.06999969482422
748,2013-12-23,19.290000915527344
749,2013-12-24,19.420000076293945
750,2013-12-26,19.420000076293945
751,2013-12-27,19.350000381469727
752,2013-12-30,19.31999969482422
753,2013-12-31,19.440000534057617
754,2014-01-02,19.260000228881836
755,2014-01-03,19.1299991607666
756,2014-01-06,19.049999237060547
757,2014-01-07,19.049999237060547
758,2014-01-08,19.239999771118164
759,2014-01-09,19.299999237060547
760,2014-01-10,19.18000030517578
761,2014-01-13,19.079999923706055
762,2014-01-14,19.34000015258789
763,2014-01-15,19.450000762939453
764,2014-01-16,19.40999984741211
765,2014-01-17,19.420000076293945
766,2014-01-21,19.479999542236328
767,2014-01-22,19.56999969482422
768,2014-01-23,19.3700008392334
769,2014-01-24,18.790000915527344
770,2014-01-27,18.43000030517578
771,2014-01-28,18.510000228881836
772,2014-01-29,18.209999084472656
773,2014-01-30,18.329999923706055
774,2014-01-31,18.389999389648438
775,2014-02-03,18.0
776,2014-02-04,18.239999771118164
777,2014-02-05,18.049999237060547
778,2014-02-06,18.329999923706055
779,2014-02-07,18.420000076293945
780,2014-02-10,18.350000381469727
781,2014-02-11,18.729999542236328
782,2014-02-12,18.739999771118164
783,2014-02-13,18.860000610351562
784,2014-02-14,18.989999771118164
785,2014-02-18,18.860000610351562
786,2014-02-19,19.25
787,2014-02-20,19.450000762939453
788,2014-02-21,19.540000915527344
789,2014-02-24,19.6200008392334
790,2014-02-25,19.6200008392334
791,2014-02-26,19.670000076293945
792,2014-02-27,19.579999923706055
793,2014-02-28,19.670000076293945
794,2014-03-03,19.649999618530273
795,2014-03-04,20.06999969482422
796,2014-03-05,19.969999313354492
797,2014-03-06,20.1200008392334
798,2014-03-07,20.1299991607666
799,2014-03-10,20.020000457763672
800,2014-03-11,20.139999389648438
801,2014-03-12,20.260000228881836
802,2014-03-13,20.170000076293945
803,2014-03-14,20.389999389648438
804,2014-03-17,20.43000030517578
805,2014-03-18,20.469999313354492
806,2014-03-19,20.040000915527344
807,2014-03-20,20.020000457763672
808,2014-03-21,20.280000686645508
809,2014-03-24,19.950000762939453
810,2014-03-25,20.049999237060547
811,2014-03-26,19.729999542236328
812,2014-03-27,19.729999542236328
813,2014-03-28,19.940000534057617
814,2014-03-31,20.239999771118164
815,2014-04-01,20.559999465942383
816,2014-04-02,20.65999984741211
817,2014-04-03,20.65999984741211
818,2014-04-04,20.520000457763672
819,2014-04-07,20.639999389648438
820,2014-04-08,20.719999313354492
821,2014-04-09,20.600000381469727
822,2014-04-10,20.139999389648438
823,2014-04-11,20.049999237060547
824,2014-04-14,20.229999542236328
825,2014-04-15,20.489999771118164
826,2014-04-16,21.030000686645508
827,2014-04-17,20.979999542236328
828,2014-04-21,21.020000457763672
829,2014-04-22,21.100000381469727
830,2014-04-23,21.0
831,2014-04-24,21.1200008392334
832,2014-04-25,20.899999618530273
833,2014-04-28,20.969999313354492
834,2014-04-29,20.93000030517578
835,2014-04-30,21.450000762939453
836,2014-05-01,21.5
837,2014-05-02,21.469999313354492
838,2014-05-05,21.309999465942383
839,2014-05-06,21.239999771118164
840,2014-05-07,21.3799991607666
841,2014-05-08,21.5
842,2014-05-09,21.43000030517578
843,2014-05-12,21.709999084472656
844,2014-05-13,21.399999618530273
845,2014-05-14,21.459999084472656
846,2014-05-15,21.43000030517578
847,2014-05-16,21.709999084472656
848,2014-05-19,21.75
849,2014-05-20,21.59000015258789
850,2014-05-21,21.450000762939453
851,2014-05-22,21.510000228881836
852,2014-05-23,21.719999313354492
853,2014-05-27,21.809999465942383
854,2014-05-28,21.68000030517578
855,2014-05-29,21.799999237060547
856,2014-05-30,22.06999969482422
857,2014-06-02,22.1299991607666
858,2014-06-03,22.149999618530273
859,2014-06-04,22.190000534057617
860,2014-06-05,22.719999313354492
861,2014-06-06,22.770000457763672
862,2014-06-09,22.540000915527344
863,2014-06-10,22.31999969482422
864,2014-06-11,22.3700008392334
865,2014-06-12,22.1200008392334
866,2014-06-13,22.190000534057617
867,2014-06-16,21.93000030517578
868,2014-06-17,22.110000610351562
869,2014-06-18,22.209999084472656
870,2014-06-19,22.3700008392334
871,2014-06-20,22.3700008392334
872,2014-06-23,22.350000381469727
873,2014-06-24,22.190000534057617
874,2014-06-25,22.06999969482422
875,2014-06-26,21.959999084472656
876,2014-06-27,22.209999084472656
877,2014-06-30,22.010000228881836
878,2014-07-01,22.110000610351562
879,2014-07-02,22.020000457763672
880,2014-07-03,22.139999389648438
881,2014-07-07,22.1299991607666
882,2014-07-08,22.1299991607666
883,2014-07-09,22.3700008392334
884,2014-07-10,22.600000381469727
885,2014-07-11,22.520000457763672
886,2014-07-14,22.760000228881836
887,2014-07-15,22.850000381469727
888,2014-07-16,23.010000228881836
889,2014-07-17,22.700000762939453
890,2014-07-18,23.049999237060547
891,2014-07-21,22.940000534057617
892,2014-07-22,23.09000015258789
893,2014-07-23,23.09000015258789
894,2014-07-24,22.969999313354492
895,2014-07-25,22.959999084472656
896,2014-07-28,22.969999313354492
897,2014-07-29,22.75
898,2014-07-30,22.59000015258789
899,2014-07-31,21.739999771118164
900,2014-08-01,21.6299991607666
901,2014-08-04,21.959999084472656
902,2014-08-05,21.579999923706055
903,2014-08-06,21.510000228881836
904,2014-08-07,21.399999618530273
905,2014-08-08,21.610000610351562
906,2014-08-11,21.729999542236328
907,2014-08-12,21.770000457763672
908,2014-08-13,22.1299991607666
909,2014-08-14,22.15999984741211
910,2014-08-15,22.219999313354492
911,2014-08-18,22.56999969482422
912,2014-08-19,22.65999984741211
913,2014-08-20,22.760000228881836
914,2014-08-21,22.68000030517578
915,2014-08-22,22.600000381469727
916,2014-08-25,22.559999465942383
917,2014-08-26,22.5
918,2014-08-27,22.6299991607666
919,2014-08-28,22.6200008392334
920,2014-08-29,22.81999969482422
921,2014-09-02,22.829999923706055
922,2014-09-03,22.799999237060547
923,2014-09-04,22.520000457763672
924,2014-09-05,22.719999313354492
925,2014-09-08,22.760000228881836
926,2014-09-09,22.59000015258789
927,2014-09-10,22.260000228881836
928,2014-09-11,22.350000381469727
929,2014-09-12,21.729999542236328
930,2014-09-15,21.610000610351562
931,2014-09-16,22.040000915527344
932,2014-09-17,21.989999771118164
933,2014-09-18,21.959999084472656
934,2014-09-19,21.799999237060547
935,2014-09-22,21.6299991607666
936,2014-09-23,21.200000762939453
937,2014-09-24,21.399999618530273
938,2014-09-25,21.229999542236328
939,2014-09-26,21.489999771118164
940,2014-09-29,21.610000610351562
941,2014-09-30,21.329999923706055
942,2014-10-01,21.020000457763672
943,2014-10-02,20.979999542236328
944,2014-10-03,21.31999969482422
945,2014-10-06,21.280000686645508
946,2014-10-07,20.93000030517578
947,2014-10-08,21.520000457763672
948,2014-10-09,21.18000030517578
949,2014-10-10,20.780000686645508
950,2014-10-13,20.229999542236328
951,2014-10-14,20.719999313354492
952,2014-10-15,20.579999923706055
953,2014-10-16,21.149999618530273
954,2014-10-17,21.479999542236328
955,2014-10-20,21.90999984741211
956,2014-10-21,22.469999313354492
957,2014-10-22,22.270000457763672
958,2014-10-23,22.549999237060547
959,2014-10-24,22.690000534057617
960,2014-10-27,22.780000686645508
961,2014-10-28,22.90999984741211
962,2014-10-29,23.030000686645508
963,2014-10-30,22.979999542236328
964,2014-10-31,23.309999465942383
965,2014-11-03,23.219999313354492
966,2014-11-04,22.959999084472656
967,2014-11-05,22.8799991607666
968,2014-11-06,22.790000915527344
969,2014-11-07,22.65999984741211
970,2014-11-10,22.760000228881836
971,2014-11-11,22.760000228881836
972,2014-11-12,22.68000030517578
973,2014-11-13,22.729999542236328
974,2014-11-14,22.670000076293945
975,2014-11-17,22.600000381469727
976,2014-11-18,22.760000228881836
977,2014-11-19,22.450000762939453
978,2014-11-20,22.760000228881836
979,2014-11-21,22.809999465942383
980,2014-11-24,22.93000030517578
981,2014-11-25,23.1200008392334
982,2014-11-26,23.170000076293945
983,2014-11-28,23.239999771118164
984,2014-12-01,23.15999984741211
985,2014-12-02,23.440000534057617
986,2014-12-03,23.579999923706055
987,2014-12-04,23.56999969482422
988,2014-12-05,23.540000915527344
989,2014-12-08,23.579999923706055
990,2014-12-09,23.729999542236328
991,2014-12-10,23.6299991607666
992,2014-12-11,23.729999542236328
993,2014-12-12,23.3799991607666
994,2014-12-15,23.25
995,2014-12-16,23.329999923706055
996,2014-12-17,23.860000610351562
997,2014-12-18,23.8799991607666
998,2014-12-19,23.899999618530273
999,2014-12-22,24.329999923706055
1000,2014-12-23,24.299999237060547
1001,2014-12-24,24.229999542236328
1002,2014-12-26,24.290000915527344
1003,2014-12-29,24.139999389648438
1004,2014-12-30,24.1200008392334
1005,2014-12-31,23.770000457763672
1006,2015-01-02,23.809999465942383
1007,2015-01-05,23.6200008392334
1008,2015-01-06,23.520000457763672
1009,2015-01-07,23.649999618530273
1010,2015-01-08,23.899999618530273
1011,2015-01-09,23.739999771118164
1012,2015-01-12,23.790000915527344
1013,2015-01-13,23.75
1014,2015-01-14,23.719999313354492
1015,2015-01-15,23.760000228881836
1016,2015-01-16,23.719999313354492
1017,2015-01-20,23.690000534057617
1018,2015-01-21,23.610000610351562
1019,2015-01-22,24.110000610351562
1020,2015-01-23,24.1299991607666
1021,2015-01-26,24.139999389648438
1022,2015-01-27,23.979999542236328
1023,2015-01-28,23.5
1024,2015-01-29,23.639999389648438
1025,2015-01-30,22.889999389648438
1026,2015-02-02,22.979999542236328
1027,2015-02-03,23.309999465942383
1028,2015-02-04,23.06999969482422
1029,2015-02-05,23.420000076293945
1030,2015-02-06,23.15999984741211
1031,2015-02-09,22.940000534057617
1032,2015-02-10,23.139999389648438
1033,2015-02-11,23.200000762939453
1034,2015-02-12,23.700000762939453
1035,2015-02-13,23.6200008392334
1036,2015-02-17,23.559999465942383
1037,2015-02-18,23.540000915527344
1038,2015-02-19,21.8700008392334
1039,2015-02-20,21.770000457763672
1040,2015-02-23,21.610000610351562
1041,2015-02-24,21.31999969482422
1042,2015-02-25,21.25
1043,2015-02-26,21.1200008392334
1044,2015-02-27,21.0
1045,2015-03-02,21.43000030517578
1046,2015-03-03,21.34000015258789
1047,2015-03-04,20.899999618530273
1048,2015-03-05,20.65999984741211
1049,2015-03-06,20.280000686645508
1050,2015-03-09,20.43000030517578
1051,2015-03-10,20.260000228881836
1052,2015-03-11,20.389999389648438
1053,2015-03-12,20.850000381469727
1054,2015-03-13,20.799999237060547
1055,2015-03-16,21.030000686645508
1056,2015-03-17,21.059999465942383
1057,2015-03-18,21.3799991607666
1058,2015-03-19,21.229999542236328
1059,2015-03-20,21.719999313354492
1060,2015-03-23,21.520000457763672
1061,2015-03-24,21.149999618530273
1062,2015-03-25,20.510000228881836
1063,2015-03-26,20.280000686645508
1064,2015-03-27,20.040000915527344
1065,2015-03-30,20.350000381469727
1066,2015-03-31,20.18000030517578
1067,2015-04-01,20.260000228881836
1068,2015-04-02,20.489999771118164
1069,2015-04-06,20.34000015258789
1070,2015-04-07,20.0
1071,2015-04-08,20.190000534057617
1072,2015-04-09,19.920000076293945
1073,2015-04-10,19.93000030517578
1074,2015-04-13,20.229999542236328
1075,2015-04-14,19.959999084472656
1076,2015-04-15,19.93000030517578
1077,2015-04-16,20.239999771118164
1078,2015-04-17,20.600000381469727
1079,2015-04-20,20.600000381469727
1080,2015-04-21,20.549999237060547
1081,2015-04-22,20.6200008392334
1082,2015-04-23,20.68000030517578
1083,2015-04-24,20.690000534057617
1084,2015-04-27,20.6299991607666
1085,2015-04-28,20.399999618530273
1086,2015-04-29,20.270000457763672
1087,2015-04-30,20.139999389648438
1088,2015-05-01,20.31999969482422
1089,2015-05-04,20.31999969482422
1090,2015-05-05,19.829999923706055
1091,2015-05-06,19.450000762939453
1092,2015-05-07,19.799999237060547
1093,2015-05-08,20.31999969482422
1094,2015-05-11,20.139999389648438
1095,2015-05-12,20.110000610351562
1096,2015-05-13,19.989999771118164
1097,2015-05-14,20.399999618530273
1098,2015-05-15,20.600000381469727
1099,2015-05-18,20.549999237060547
1100,2015-05-19,20.610000610351562
1101,2015-05-20,20.329999923706055
1102,2015-05-21,20.219999313354492
1103,2015-05-22,20.09000015258789
1104,2015-05-26,20.020000457763672
1105,2015-05-27,20.18000030517578
1106,2015-05-28,20.09000015258789
1107,2015-05-29,19.920000076293945
1108,2015-06-01,20.270000457763672
1109,2015-06-02,20.229999542236328
1110,2015-06-03,20.100000381469727
1111,2015-06-04,19.8700008392334
1112,2015-06-05,19.56999969482422
1113,2015-06-08,19.399999618530273
1114,2015-06-09,19.43000030517578
1115,2015-06-10,19.559999465942383
1116,2015-06-11,19.709999084472656
1117,2015-06-12,19.920000076293945
1118,2015-06-15,19.709999084472656
1119,2015-06-16,19.950000762939453
1120,2015-06-17,20.110000610351562
1121,2015-06-18,20.520000457763672
1122,2015-06-19,20.40999984741211
1123,2015-06-22,20.469999313354492
1124,2015-06-23,20.290000915527344
1125,2015-06-24,20.729999542236328
1126,2015-06-25,20.299999237060547
1127,2015-06-26,20.139999389648438
1128,2015-06-29,19.559999465942383
1129,2015-06-30,19.829999923706055
1130,2015-07-01,20.399999618530273
1131,2015-07-02,20.510000228881836
1132,2015-07-06,20.559999465942383
1133,2015-07-07,20.940000534057617
1134,2015-07-08,20.649999618530273
1135,2015-07-09,20.559999465942383
1136,2015-07-10,20.649999618530273
1137,2015-07-13,20.760000228881836
1138,2015-07-14,20.90999984741211
1139,2015-07-15,21.09000015258789
1140,2015-07-16,21.290000915527344
1141,2015-07-17,21.200000762939453
1142,2015-07-20,21.1299991607666
1143,2015-07-21,20.93000030517578
1144,2015-07-22,20.899999618530273
1145,2015-07-23,20.15999984741211
1146,2015-07-24,19.729999542236328
1147,2015-07-27,19.709999084472656
1148,2015-07-28,20.059999465942383
1149,2015-07-29,20.43000030517578
1150,2015-07-30,19.549999237060547
1151,2015-07-31,19.3799991607666
1152,2015-08-03,19.350000381469727
1153,2015-08-04,19.190000534057617
1154,2015-08-05,18.829999923706055
1155,2015-08-06,18.950000762939453
1156,2015-08-07,18.969999313354492
1157,2015-08-10,19.200000762939453
1158,2015-08-11,19.15999984741211
1159,2015-08-12,19.1299991607666
1160,2015-08-13,19.239999771118164
1161,2015-08-14,19.270000457763672
1162,2015-08-17,19.600000381469727
1163,2015-08-18,19.610000610351562
1164,2015-08-19,19.149999618530273
1165,2015-08-20,18.719999313354492
1166,2015-08-21,18.290000915527344
1167,2015-08-24,17.559999465942383
1168,2015-08-25,17.0
1169,2015-08-26,17.709999084472656
1170,2015-08-27,18.170000076293945
1171,2015-08-28,18.280000686645508
1172,2015-08-31,17.729999542236328
1173,2015-09-01,17.329999923706055
1174,2015-09-02,17.459999084472656
1175,2015-09-03,17.559999465942383
1176,2015-09-04,17.200000762939453
1177,2015-09-08,17.579999923706055
1178,2015-09-09,17.329999923706055
1179,2015-09-10,17.34000015258789
1180,2015-09-11,17.739999771118164
1181,2015-09-14,17.68000030517578
1182,2015-09-15,17.270000457763672
1183,2015-09-16,17.40999984741211
1184,2015-09-17,17.420000076293945
1185,2015-09-18,16.530000686645508
1186,2015-09-21,16.6200008392334
1187,2015-09-22,16.040000915527344
1188,2015-09-23,16.170000076293945
1189,2015-09-24,16.049999237060547
1190,2015-09-25,16.25
1191,2015-09-28,15.649999618530273
1192,2015-09-29,15.390000343322754
1193,2015-09-30,15.8100004196167
1194,2015-10-01,16.06999969482422
1195,2015-10-02,16.25
1196,2015-10-05,16.649999618530273
1197,2015-10-06,17.06999969482422
1198,2015-10-07,17.649999618530273
1199,2015-10-08,17.850000381469727
1200,2015-10-09,17.6299991607666
1201,2015-10-12,17.649999618530273
1202,2015-10-13,17.3799991607666
1203,2015-10-14,17.280000686645508
1204,2015-10-15,17.690000534057617
1205,2015-10-16,17.56999969482422
1206,2015-10-19,17.690000534057617
1207,2015-10-20,17.690000534057617
1208,2015-10-21,17.1200008392334
1209,2015-10-22,17.56999969482422
1210,2015-10-23,16.540000915527344
1211,2015-10-26,16.299999237060547
1212,2015-10-27,16.270000457763672
1213,2015-10-28,16.559999465942383
1214,2015-10-29,17.239999771118164
1215,2015-10-30,17.329999923706055
1216,2015-11-02,17.600000381469727
1217,2015-11-03,17.510000228881836
1218,2015-11-04,17.610000610351562
1219,2015-11-05,17.829999923706055
1220,2015-11-06,17.479999542236328
1221,2015-11-09,17.139999389648438
1222,2015-11-10,17.209999084472656
1223,2015-11-11,17.149999618530273
1224,2015-11-12,17.040000915527344
1225,2015-11-13,16.600000381469727
1226,2015-11-16,16.700000762939453
1227,2015-11-17,16.389999389648438
1228,2015-11-18,16.479999542236328
1229,2015-11-19,16.239999771118164
1230,2015-11-20,16.110000610351562
1231,2015-11-23,16.260000228881836
1232,2015-11-24,16.239999771118164
1233,2015-11-25,16.520000457763672
1234,2015-11-27,16.6200008392334
1235,2015-11-30,16.600000381469727
1236,2015-12-01,16.850000381469727
1237,2015-12-02,16.399999618530273
1238,2015-12-03,15.989999771118164
1239,2015-12-04,16.34000015258789
1240,2015-12-07,15.90999984741211
1241,2015-12-08,16.0
1242,2015-12-09,15.869999885559082
1243,2015-12-10,16.1299991607666
1244,2015-12-11,15.8100004196167
1245,2015-12-14,15.710000038146973
1246,2015-12-15,15.869999885559082
1247,2015-12-16,16.020000457763672
1248,2015-12-17,15.75
1249,2015-12-18,15.329999923706055
1250,2015-12-21,15.199999809265137
1251,2015-12-22,15.430000305175781
1252,2015-12-23,15.960000038146973
1253,2015-12-24,15.949999809265137
1254,2015-12-28,15.779999732971191
1255,2015-12-29,15.930000305175781
1256,2015-12-30,15.760000228881836
1257,2015-12-31,15.34000015258789
1258,2016-01-04,15.15999984741211
1259,2016-01-05,15.390000343322754
1260,2016-01-06,15.069999694824219
1261,2016-01-07,14.550000190734863
1262,2016-01-08,14.510000228881836
1263,2016-01-11,14.75
1264,2016-01-12,14.329999923706055
1265,2016-01-13,13.460000038146973
1266,2016-01-14,13.779999732971191
1267,2016-01-15,13.15999984741211
1268,2016-01-19,12.819999694824219
1269,2016-01-20,12.829999923706055
1270,2016-01-21,13.5
1271,2016-01-22,13.800000190734863
1272,2016-01-25,13.569999694824219
1273,2016-01-26,13.869999885559082
1274,2016-01-27,13.550000190734863
1275,2016-01-28,13.1899995803833
1276,2016-01-29,13.850000381469727
1277,2016-02-01,13.710000038146973
1278,2016-02-02,13.229999542236328
1279,2016-02-03,13.640000343322754
1280,2016-02-04,14.199999809265137
1281,2016-02-05,14.149999618530273
1282,2016-02-08,13.760000228881836
1283,2016-02-09,13.850000381469727
1284,2016-02-10,14.079999923706055
1285,2016-02-11,13.880000114440918
1286,2016-02-12,14.420000076293945
1287,2016-02-16,14.84000015258789
1288,2016-02-17,14.970000267028809
1289,2016-02-18,15.319999694824219
1290,2016-02-19,15.0600004196167
1291,2016-02-22,15.319999694824219
1292,2016-02-23,14.960000038146973
1293,2016-02-24,15.050000190734863
1294,2016-02-25,15.510000228881836
1295,2016-02-26,15.390000343322754
1296,2016-02-29,15.3100004196167
1297,2016-03-01,15.850000381469727
1298,2016-03-02,15.949999809265137
1299,2016-03-03,16.110000610351562
1300,2016-03-04,16.489999771118164
1301,2016-03-07,16.84000015258789
1302,2016-03-08,16.270000457763672
1303,2016-03-09,16.170000076293945
1304,2016-03-10,16.049999237060547
1305,2016-03-11,16.6299991607666
1306,2016-03-14,16.8700008392334
1307,2016-03-15,16.559999465942383
1308,2016-03-16,16.90999984741211
1309,2016-03-17,16.75
1310,2016-03-18,16.969999313354492
1311,2016-03-21,16.81999969482422
1312,2016-03-22,16.479999542236328
1313,2016-03-23,16.18000030517578
1314,2016-03-24,16.18000030517578
1315,2016-03-28,16.34000015258789
1316,2016-03-29,16.459999084472656
1317,2016-03-30,16.459999084472656
1318,2016-03-31,16.700000762939453
1319,2016-04-01,16.059999465942383
1320,2016-04-04,15.680000305175781
1321,2016-04-05,15.4399995803833
1322,2016-04-06,15.479999542236328
1323,2016-04-07,15.289999961853027
1324,2016-04-08,15.260000228881836
1325,2016-04-11,15.529999732971191
1326,2016-04-12,15.859999656677246
1327,2016-04-13,16.100000381469727
1328,2016-04-14,16.09000015258789
1329,2016-04-15,16.209999084472656
1330,2016-04-18,15.859999656677246
1331,2016-04-19,15.859999656677246
1332,2016-04-20,15.539999961853027
1333,2016-04-21,15.59000015258789
1334,2016-04-22,15.34000015258789
1335,2016-04-25,15.270000457763672
1336,2016-04-26,15.510000228881836
1337,2016-04-27,15.9399995803833
1338,2016-04-28,15.819999694824219
1339,2016-04-29,15.819999694824219
1340,2016-05-02,16.010000228881836
1341,2016-05-03,16.110000610351562
1342,2016-05-04,16.15999984741211
1343,2016-05-05,16.18000030517578
1344,2016-05-06,16.360000610351562
1345,2016-05-09,16.40999984741211
1346,2016-05-10,16.670000076293945
1347,2016-05-11,16.06999969482422
1348,2016-05-12,15.890000343322754
1349,2016-05-13,15.609999656677246
1350,2016-05-16,15.630000114440918
1351,2016-05-17,15.489999771118164
1352,2016-05-18,15.0
1353,2016-05-19,14.65999984741211
1354,2016-05-20,14.579999923706055
1355,2016-05-23,14.779999732971191
1356,2016-05-24,15.069999694824219
1357,2016-05-25,15.350000381469727
1358,2016-05-26,15.199999809265137
1359,2016-05-27,15.300000190734863
1360,2016-05-31,15.399999618530273
1361,2016-06-01,15.4399995803833
1362,2016-06-02,15.770000457763672
1363,2016-06-03,15.649999618530273
1364,2016-06-06,15.680000305175781
1365,2016-06-07,15.739999771118164
1366,2016-06-08,15.6899995803833
1367,2016-06-09,15.59000015258789
1368,2016-06-10,15.399999618530273
1369,2016-06-13,15.380000114440918
1370,2016-06-14,15.539999961853027
1371,2016-06-15,15.979999542236328
1372,2016-06-16,16.040000915527344
1373,2016-06-17,16.440000534057617
1374,2016-06-20,16.549999237060547
1375,2016-06-21,16.649999618530273
1376,2016-06-22,16.799999237060547
1377,2016-06-23,16.950000762939453
1378,2016-06-24,15.699999809265137
1379,2016-06-27,14.789999961853027
1380,2016-06-28,15.149999618530273
1381,2016-06-29,16.049999237060547
1382,2016-06-30,16.209999084472656
1383,2016-07-01,16.450000762939453
1384,2016-07-05,16.09000015258789
1385,2016-07-06,16.260000228881836
1386,2016-07-07,16.40999984741211
1387,2016-07-08,16.760000228881836
1388,2016-07-11,16.989999771118164
1389,2016-07-12,17.15999984741211
1390,2016-07-13,16.479999542236328
1391,2016-07-14,16.709999084472656
1392,2016-07-15,16.979999542236328
1393,2016-07-18,17.09000015258789
1394,2016-07-19,17.25
1395,2016-07-20,17.1200008392334
1396,2016-07-21,17.510000228881836
1397,2016-07-22,17.90999984741211
1398,2016-07-25,17.959999084472656
1399,2016-07-26,17.600000381469727
1400,2016-07-27,17.139999389648438
1401,2016-07-28,17.280000686645508
1402,2016-07-29,17.739999771118164
1403,2016-08-01,17.889999389648438
1404,2016-08-02,17.440000534057617
1405,2016-08-03,17.549999237060547
1406,2016-08-04,17.3799991607666
1407,2016-08-05,17.84000015258789
1408,2016-08-08,18.239999771118164
1409,2016-08-09,18.18000030517578
1410,2016-08-10,18.200000762939453
1411,2016-08-11,17.989999771118164
1412,2016-08-12,18.020000457763672
1413,2016-08-15,18.18000030517578
1414,2016-08-16,18.149999618530273
1415,2016-08-17,17.93000030517578
1416,2016-08-18,18.100000381469727
1417,2016-08-19,18.200000762939453
1418,2016-08-22,18.3700008392334
1419,2016-08-23,18.309999465942383
1420,2016-08-24,18.270000457763672
1421,2016-08-25,18.139999389648438
1422,2016-08-26,17.959999084472656
1423,2016-08-29,18.010000228881836
1424,2016-08-30,18.09000015258789
1425,2016-08-31,17.81999969482422
1426,2016-09-01,17.56999969482422
1427,2016-09-02,17.40999984741211
1428,2016-09-06,17.06999969482422
1429,2016-09-07,17.059999465942383
1430,2016-09-08,16.809999465942383
1431,2016-09-09,16.200000762939453
1432,2016-09-12,16.190000534057617
1433,2016-09-13,16.020000457763672
1434,2016-09-14,16.18000030517578
1435,2016-09-15,16.100000381469727
1436,2016-09-16,16.0
1437,2016-09-19,16.020000457763672
1438,2016-09-20,16.030000686645508
1439,2016-09-21,15.979999542236328
1440,2016-09-22,16.309999465942383
1441,2016-09-23,16.25
1442,2016-09-26,16.010000228881836
1443,2016-09-27,15.739999771118164
1444,2016-09-28,15.600000381469727
1445,2016-09-29,15.649999618530273
1446,2016-09-30,15.569999694824219
1447,2016-10-03,15.579999923706055
1448,2016-10-04,15.4399995803833
1449,2016-10-05,15.40999984741211
1450,2016-10-06,15.550000190734863
1451,2016-10-07,15.489999771118164
1452,2016-10-10,15.6899995803833
1453,2016-10-11,15.449999809265137
1454,2016-10-12,15.529999732971191
1455,2016-10-13,15.510000228881836
1456,2016-10-14,15.4399995803833
1457,2016-10-17,15.489999771118164
1458,2016-10-18,15.699999809265137
1459,2016-10-19,15.720000267028809
1460,2016-10-20,15.510000228881836
1461,2016-10-21,15.470000267028809
1462,2016-10-24,15.539999961853027
1463,2016-10-25,15.399999618530273
1464,2016-10-26,15.010000228881836
1465,2016-10-27,14.890000343322754
1466,2016-10-28,15.0
1467,2016-10-31,15.479999542236328
1468,2016-11-01,15.260000228881836
1469,2016-11-02,15.239999771118164
1470,2016-11-03,14.829999923706055
1471,2016-11-04,15.15999984741211
1472,2016-11-07,15.710000038146973
1473,2016-11-08,15.970000267028809
1474,2016-11-09,16.110000610351562
1475,2016-11-10,16.06999969482422
1476,2016-11-11,16.479999542236328
1477,2016-11-14,17.3799991607666
1478,2016-11-15,17.1200008392334
1479,2016-11-16,16.979999542236328
1480,2016-11-17,16.690000534057617
1481,2016-11-18,16.40999984741211
1482,2016-11-21,16.68000030517578
1483,2016-11-22,16.93000030517578
1484,2016-11-23,16.889999389648438
1485,2016-11-25,16.940000534057617
1486,2016-11-28,16.969999313354492
1487,2016-11-29,17.299999237060547
1488,2016-11-30,17.84000015258789
1489,2016-12-01,18.139999389648438
1490,2016-12-02,17.739999771118164
1491,2016-12-05,18.270000457763672
1492,2016-12-06,18.479999542236328
1493,2016-12-07,18.920000076293945
1494,2016-12-08,19.010000228881836
1495,2016-12-09,19.18000030517578
1496,2016-12-12,18.989999771118164
1497,2016-12-13,19.049999237060547
1498,2016-12-14,18.8700008392334
1499,2016-12-15,18.920000076293945
1500,2016-12-16,19.010000228881836
1501,2016-12-19,19.18000030517578
1502,2016-12-20,19.1200008392334
1503,2016-12-21,19.170000076293945
1504,2016-12-22,18.799999237060547
1505,2016-12-23,18.93000030517578
1506,2016-12-27,18.959999084472656
1507,2016-12-28,18.56999969482422
1508,2016-12-29,18.75
1509,2016-12-30,18.84000015258789
1510,2017-01-03,19.1299991607666
1511,2017-01-04,19.34000015258789
1512,2017-01-05,18.5
1513,2017-01-06,18.25
1514,2017-01-09,18.200000762939453
1515,2017-01-10,18.030000686645508
1516,2017-01-11,18.18000030517578
1517,2017-01-12,18.020000457763672
1518,2017-01-13,18.260000228881836
1519,2017-01-17,18.149999618530273
1520,2017-01-18,18.309999465942383
1521,2017-01-19,18.219999313354492
1522,2017-01-20,18.329999923706055
1523,2017-01-23,18.239999771118164
1524,2017-01-24,18.270000457763672
1525,2017-01-25,18.479999542236328
1526,2017-01-26,18.610000610351562
1527,2017-01-27,18.59000015258789
1528,2017-01-30,17.940000534057617
1529,2017-01-31,18.06999969482422
1530,2017-02-01,17.8700008392334
1531,2017-02-02,17.90999984741211
1532,2017-02-03,18.09000015258789
1533,2017-02-06,17.8799991607666
1534,2017-02-07,18.010000228881836
1535,2017-02-08,18.329999923706055
1536,2017-02-09,18.350000381469727
1537,2017-02-10,18.360000610351562
1538,2017-02-13,18.559999465942383
1539,2017-02-14,18.75
1540,2017-02-15,18.6200008392334
1541,2017-02-16,18.579999923706055
1542,2017-02-17,18.389999389648438
1543,2017-02-21,18.690000534057617
1544,2017-02-22,18.350000381469727
1545,2017-02-23,18.030000686645508
1546,2017-02-24,18.010000228881836
1547,2017-02-27,18.209999084472656
1548,2017-02-28,17.989999771118164
1549,2017-03-01,18.389999389648438
1550,2017-03-02,18.610000610351562
1551,2017-03-03,18.3799991607666
1552,2017-03-06,18.5
1553,2017-03-07,18.18000030517578
1554,2017-03-08,18.1299991607666
1555,2017-03-09,17.84000015258789
1556,2017-03-10,17.90999984741211
1557,2017-03-13,17.8700008392334
1558,2017-03-14,17.75
1559,2017-03-15,18.34000015258789
1560,2017-03-16,18.239999771118164
1561,2017-03-17,18.440000534057617
1562,2017-03-20,18.3799991607666
1563,2017-03-21,17.969999313354492
1564,2017-03-22,18.09000015258789
1565,2017-03-23,18.020000457763672
1566,2017-03-24,18.049999237060547
1567,2017-03-27,18.020000457763672
1568,2017-03-28,18.170000076293945
1569,2017-03-29,18.239999771118164
1570,2017-03-30,18.540000915527344
1571,2017-03-31,18.65999984741211
1572,2017-04-03,18.3700008392334
1573,2017-04-04,18.299999237060547
1574,2017-04-05,18.260000228881836
1575,2017-04-06,18.520000457763672
1576,2017-04-07,18.299999237060547
1577,2017-04-10,18.43000030517578
1578,2017-04-11,18.56999969482422
1579,2017-04-12,18.3799991607666
1580,2017-04-13,18.450000762939453
1581,2017-04-17,18.469999313354492
1582,2017-04-18,18.610000610351562
1583,2017-04-19,19.0
1584,2017-04-20,19.049999237060547
1585,2017-04-21,18.81999969482422
1586,2017-04-24,19.0
1587,2017-04-25,19.049999237060547
1588,2017-04-26,19.270000457763672
1589,2017-04-27,19.239999771118164
1590,2017-04-28,17.950000762939453
1591,2017-05-01,18.049999237060547
1592,2017-05-02,18.440000534057617
1593,2017-05-03,18.200000762939453
1594,2017-05-04,18.0
1595,2017-05-05,18.1299991607666
1596,2017-05-08,17.799999237060547
1597,2017-05-09,17.829999923706055
1598,2017-05-10,18.010000228881836
1599,2017-05-11,17.68000030517578
1600,2017-05-12,17.479999542236328
1601,2017-05-15,17.75
1602,2017-05-16,17.68000030517578
1603,2017-05-17,17.639999389648438
1604,2017-05-18,18.030000686645508
1605,2017-05-19,18.09000015258789
1606,2017-05-22,18.110000610351562
1607,2017-05-23,18.15999984741211
1608,2017-05-24,18.209999084472656
1609,2017-05-25,18.09000015258789
1610,2017-05-26,18.06999969482422
1611,2017-05-30,17.850000381469727
1612,2017-05-31,17.989999771118164
1613,2017-06-01,17.8799991607666
1614,2017-06-02,18.170000076293945
1615,2017-06-05,17.8700008392334
1616,2017-06-06,17.850000381469727
1617,2017-06-07,17.979999542236328
1618,2017-06-08,18.139999389648438
1619,2017-06-09,18.3799991607666
1620,2017-06-12,18.6299991607666
1621,2017-06-13,18.700000762939453
1622,2017-06-14,18.56999969482422
1623,2017-06-15,18.59000015258789
1624,2017-06-16,18.739999771118164
1625,2017-06-19,19.100000381469727
1626,2017-06-20,18.920000076293945
1627,2017-06-21,18.600000381469727
1628,2017-06-22,18.670000076293945
1629,2017-06-23,18.719999313354492
1630,2017-06-26,18.950000762939453
1631,2017-06-27,18.809999465942383
1632,2017-06-28,18.600000381469727
1633,2017-06-29,18.479999542236328
1634,2017-06-30,18.270000457763672
1635,2017-07-03,18.809999465942383
1636,2017-07-05,18.709999084472656
1637,2017-07-06,18.299999237060547
1638,2017-07-07,18.260000228881836
1639,2017-07-10,17.920000076293945
1640,2017-07-11,18.020000457763672
1641,2017-07-12,18.049999237060547
1642,2017-07-13,18.110000610351562
1643,2017-07-14,18.149999618530273
1644,2017-07-17,18.479999542236328
1645,2017-07-18,18.6200008392334
1646,2017-07-19,18.610000610351562
1647,2017-07-20,18.049999237060547
1648,2017-07-21,17.959999084472656
1649,2017-07-24,17.969999313354492
1650,2017-07-25,18.440000534057617
1651,2017-07-26,18.020000457763672
1652,2017-07-27,18.68000030517578
1653,2017-07-28,18.709999084472656
1654,2017-07-31,18.65999984741211
1655,2017-08-01,18.90999984741211
1656,2017-08-02,18.639999389648438
1657,2017-08-03,18.389999389648438
1658,2017-08-04,18.649999618530273
1659,2017-08-07,18.739999771118164
1660,2017-08-08,18.209999084472656
1661,2017-08-09,17.969999313354492
1662,2017-08-10,17.829999923706055
1663,2017-08-11,17.850000381469727
1664,2017-08-14,18.0
1665,2017-08-15,17.950000762939453
1666,2017-08-16,18.229999542236328
1667,2017-08-17,17.920000076293945
1668,2017-08-18,17.43000030517578
1669,2017-08-21,17.3799991607666
1670,2017-08-22,17.649999618530273
1671,2017-08-23,17.56999969482422
1672,2017-08-24,17.600000381469727
1673,2017-08-25,17.700000762939453
1674,2017-08-28,17.530000686645508
1675,2017-08-29,17.68000030517578
1676,2017-08-30,18.020000457763672
1677,2017-08-31,18.1200008392334
1678,2017-09-01,18.139999389648438
1679,2017-09-05,17.6200008392334
1680,2017-09-06,17.979999542236328
1681,2017-09-07,17.940000534057617
1682,2017-09-08,18.149999618530273
1683,2017-09-11,18.209999084472656
1684,2017-09-12,18.3799991607666
1685,2017-09-13,18.440000534057617
1686,2017-09-14,18.270000457763672
1687,2017-09-15,18.25
1688,2017-09-18,18.309999465942383
1689,2017-09-19,18.34000015258789
1690,2017-09-20,18.459999084472656
1691,2017-09-21,18.290000915527344
1692,2017-09-22,18.329999923706055
1693,2017-09-25,18.360000610351562
1694,2017-09-26,18.5
1695,2017-09-27,18.540000915527344
1696,2017-09-28,18.489999771118164
1697,2017-09-29,18.489999771118164
1698,2017-10-02,18.43000030517578
1699,2017-10-03,18.239999771118164
1700,2017-10-04,18.200000762939453
1701,2017-10-05,18.31999969482422
1702,2017-10-06,18.34000015258789
1703,2017-10-09,18.389999389648438
1704,2017-10-10,18.549999237060547
1705,2017-10-11,18.670000076293945
1706,2017-10-12,19.399999618530273
1707,2017-10-13,19.510000228881836
1708,2017-10-16,19.399999618530273
1709,2017-10-17,19.34000015258789
1710,2017-10-18,19.850000381469727
1711,2017-10-19,19.829999923706055
1712,2017-10-20,19.459999084472656
1713,2017-10-23,19.329999923706055
1714,2017-10-24,19.65999984741211
1715,2017-10-25,19.350000381469727
1716,2017-10-26,19.399999618530273
1717,2017-10-27,19.440000534057617
1718,2017-10-30,19.299999237060547
1719,2017-10-31,19.559999465942383
1720,2017-11-01,19.729999542236328
1721,2017-11-02,19.459999084472656
1722,2017-11-03,19.6299991607666
1723,2017-11-06,19.790000915527344
1724,2017-11-07,19.790000915527344
1725,2017-11-08,20.190000534057617
1726,2017-11-09,20.0
1727,2017-11-10,19.989999771118164
1728,2017-11-13,20.030000686645508
1729,2017-11-14,19.969999313354492
1730,2017-11-15,19.760000228881836
1731,2017-11-16,19.969999313354492
1732,2017-11-17,19.889999389648438
1733,2017-11-20,19.700000762939453
1734,2017-11-21,19.790000915527344
1735,2017-11-22,19.780000686645508
1736,2017-11-24,19.799999237060547
1737,2017-11-27,19.600000381469727
1738,2017-11-28,19.459999084472656
1739,2017-11-29,19.670000076293945
1740,2017-11-30,19.790000915527344
1741,2017-12-01,19.510000228881836
1742,2017-12-04,19.860000610351562
1743,2017-12-05,19.729999542236328
1744,2017-12-06,19.610000610351562
1745,2017-12-07,19.649999618530273
1746,2017-12-08,19.84000015258789
1747,2017-12-11,19.829999923706055
1748,2017-12-12,19.850000381469727
1749,2017-12-13,19.850000381469727
1750,2017-12-14,19.780000686645508
1751,2017-12-15,20.139999389648438
1752,2017-12-18,20.579999923706055
1753,2017-12-19,20.280000686645508
1754,2017-12-20,20.049999237060547
1755,2017-12-21,20.049999237060547
1756,2017-12-22,20.139999389648438
1757,2017-12-26,20.18000030517578
1758,2017-12-27,20.149999618530273
1759,2017-12-28,20.1200008392334
1760,2017-12-29,19.850000381469727
1761,2018-01-02,19.940000534057617
1762,2018-01-03,19.8700008392334
1763,2018-01-04,19.81999969482422
1764,2018-01-05,19.860000610351562
1765,2018-01-08,20.389999389648438
1766,2018-01-09,20.440000534057617
1767,2018-01-10,20.649999618530273
1768,2018-01-11,20.56999969482422
1769,2018-01-12,20.360000610351562
1770,2018-01-16,20.31999969482422
1771,2018-01-17,20.93000030517578
1772,2018-01-18,20.5
1773,2018-01-19,20.719999313354492
1774,2018-01-22,20.809999465942383
1775,2018-01-23,21.299999237060547
1776,2018-01-24,21.290000915527344
1777,2018-01-25,21.170000076293945
1778,2018-01-26,21.239999771118164
1779,2018-01-29,20.950000762939453
1780,2018-01-30,20.829999923706055
1781,2018-01-31,20.760000228881836
1782,2018-02-01,20.56999969482422
1783,2018-02-02,20.110000610351562
1784,2018-02-05,19.350000381469727
1785,2018-02-06,19.420000076293945
1786,2018-02-07,19.450000762939453
1787,2018-02-08,18.75
1788,2018-02-09,19.520000457763672
1789,2018-02-12,19.420000076293945
1790,2018-02-13,19.520000457763672
1791,2018-02-14,19.639999389648438
1792,2018-02-15,19.559999465942383
1793,2018-02-16,19.8799991607666
1794,2018-02-20,19.510000228881836
1795,2018-02-21,19.219999313354492
1796,2018-02-22,19.110000610351562
1797,2018-02-23,19.209999084472656
1798,2018-02-26,19.0
1799,2018-02-27,18.489999771118164
1800,2018-02-28,18.559999465942383
1801,2018-03-01,18.40999984741211
1802,2018-03-02,18.440000534057617
1803,2018-03-05,18.1200008392334
1804,2018-03-06,18.200000762939453
1805,2018-03-07,18.540000915527344
1806,2018-03-08,18.610000610351562
1807,2018-03-09,18.90999984741211
1808,2018-03-12,18.729999542236328
1809,2018-03-13,18.700000762939453
1810,2018-03-14,18.920000076293945
1811,2018-03-15,19.049999237060547
1812,2018-03-16,19.18000030517578
1813,2018-03-19,18.940000534057617
1814,2018-03-20,18.920000076293945
1815,2018-03-21,18.75
1816,2018-03-22,18.399999618530273
1817,2018-03-23,17.979999542236328
1818,2018-03-26,18.389999389648438
1819,2018-03-27,18.329999923706055
1820,2018-03-28,18.56999969482422
1821,2018-03-29,18.639999389648438
1822,2018-04-02,18.290000915527344
1823,2018-04-03,18.649999618530273
1824,2018-04-04,18.809999465942383
1825,2018-04-05,18.639999389648438
1826,2018-04-06,18.450000762939453
1827,2018-04-09,18.239999771118164
1828,2018-04-10,18.25
1829,2018-04-11,18.479999542236328
1830,2018-04-12,19.229999542236328
1831,2018-04-13,19.139999389648438
1832,2018-04-16,19.450000762939453
1833,2018-04-17,19.670000076293945
1834,2018-04-18,19.780000686645508
1835,2018-04-19,19.459999084472656
1836,2018-04-20,19.420000076293945
1837,2018-04-23,19.459999084472656
1838,2018-04-24,19.299999237060547
1839,2018-04-25,19.6200008392334
1840,2018-04-26,19.600000381469727
1841,2018-04-27,19.75
1842,2018-04-30,19.559999465942383
1843,2018-05-01,19.530000686645508
1844,2018-05-02,19.43000030517578
1845,2018-05-03,19.43000030517578
1846,2018-05-04,19.84000015258789
1847,2018-05-07,20.1200008392334
1848,2018-05-08,20.030000686645508
1849,2018-05-09,20.610000610351562
1850,2018-05-10,20.920000076293945
1851,2018-05-11,20.729999542236328
1852,2018-05-14,20.8799991607666
1853,2018-05-15,20.34000015258789
1854,2018-05-16,20.209999084472656
1855,2018-05-17,20.309999465942383
1856,2018-05-18,20.5
1857,2018-05-21,21.110000610351562
1858,2018-05-22,21.219999313354492
1859,2018-05-23,21.40999984741211
1860,2018-05-24,21.65999984741211
1861,2018-05-25,21.559999465942383
1862,2018-05-29,21.520000457763672
1863,2018-05-30,21.81999969482422
1864,2018-05-31,21.6299991607666
1865,2018-06-01,21.90999984741211
1866,2018-06-04,22.149999618530273
1867,2018-06-05,21.940000534057617
1868,2018-06-06,22.25
1869,2018-06-07,22.09000015258789
1870,2018-06-08,22.09000015258789
1871,2018-06-11,21.56999969482422
1872,2018-06-12,21.459999084472656
1873,2018-06-13,21.079999923706055
1874,2018-06-14,21.329999923706055
1875,2018-06-15,21.290000915527344
1876,2018-06-18,21.18000030517578
1877,2018-06-19,21.110000610351562
1878,2018-06-20,21.489999771118164
1879,2018-06-21,21.6299991607666
1880,2018-06-22,21.420000076293945
1881,2018-06-25,21.040000915527344
1882,2018-06-26,20.950000762939453
1883,2018-06-27,21.049999237060547
1884,2018-06-28,20.860000610351562
1885,2018-06-29,21.06999969482422
1886,2018-07-02,20.84000015258789
1887,2018-07-03,21.020000457763672
1888,2018-07-05,21.110000610351562
1889,2018-07-06,21.31999969482422
1890,2018-07-09,21.34000015258789
1891,2018-07-10,21.3700008392334
1892,2018-07-11,21.1299991607666
1893,2018-07-12,21.170000076293945
1894,2018-07-13,21.18000030517578
1895,2018-07-16,21.020000457763672
1896,2018-07-17,21.030000686645508
1897,2018-07-18,21.110000610351562
1898,2018-07-19,21.469999313354492
1899,2018-07-20,21.280000686645508
1900,2018-07-23,21.579999923706055
1901,2018-07-24,21.1299991607666
1902,2018-07-25,21.049999237060547
1903,2018-07-26,21.06999969482422
1904,2018-07-27,20.809999465942383
1905,2018-07-30,20.690000534057617
1906,2018-07-31,20.940000534057617
1907,2018-08-01,21.510000228881836
1908,2018-08-02,21.940000534057617
1909,2018-08-03,21.6299991607666
1910,2018-08-06,21.639999389648438
1911,2018-08-07,21.3799991607666
1912,2018-08-08,20.549999237060547
1913,2018-08-09,20.489999771118164
1914,2018-08-10,20.270000457763672
1915,2018-08-13,20.100000381469727
1916,2018-08-14,20.290000915527344
1917,2018-08-15,20.790000915527344
1918,2018-08-16,20.899999618530273
1919,2018-08-17,20.93000030517578
1920,2018-08-20,20.899999618530273
1921,2018-08-21,21.059999465942383
1922,2018-08-22,21.299999237060547
1923,2018-08-23,20.8799991607666
1924,2018-08-24,20.959999084472656
1925,2018-08-27,20.93000030517578
1926,2018-08-28,21.399999618530273
1927,2018-08-29,21.649999618530273
1928,2018-08-30,21.75
1929,2018-08-31,21.530000686645508
1930,2018-09-04,21.219999313354492
1931,2018-09-05,21.239999771118164
1932,2018-09-06,21.270000457763672
1933,2018-09-07,21.40999984741211
1934,2018-09-10,21.280000686645508
1935,2018-09-11,21.290000915527344
1936,2018-09-12,21.34000015258789
1937,2018-09-13,21.469999313354492
1938,2018-09-14,21.56999969482422
1939,2018-09-17,21.399999618530273
1940,2018-09-18,21.489999771118164
1941,2018-09-19,21.139999389648438
1942,2018-09-20,21.219999313354492
1943,2018-09-21,21.1200008392334
1944,2018-09-24,20.889999389648438
1945,2018-09-25,21.170000076293945
1946,2018-09-26,21.020000457763672
1947,2018-09-27,21.18000030517578
1948,2018-09-28,21.100000381469727
1949,2018-10-01,20.969999313354492
1950,2018-10-02,20.709999084472656
1951,2018-10-03,20.790000915527344
1952,2018-10-04,20.260000228881836
1953,2018-10-05,20.100000381469727
1954,2018-10-08,20.450000762939453
1955,2018-10-09,20.149999618530273
1956,2018-10-10,19.790000915527344
1957,2018-10-11,19.239999771118164
1958,2018-10-12,19.18000030517578
1959,2018-10-15,19.18000030517578
1960,2018-10-16,19.43000030517578
1961,2018-10-17,19.329999923706055
1962,2018-10-18,19.06999969482422
1963,2018-10-19,19.100000381469727
1964,2018-10-22,18.8700008392334
1965,2018-10-23,18.709999084472656
1966,2018-10-24,18.350000381469727
1967,2018-10-25,18.709999084472656
1968,2018-10-26,18.43000030517578
1969,2018-10-29,18.68000030517578
1970,2018-10-30,18.969999313354492
1971,2018-10-31,19.110000610351562
1972,2018-11-01,19.329999923706055
1973,2018-11-02,18.68000030517578
1974,2018-11-05,19.25
1975,2018-11-06,18.5
1976,2018-11-07,18.989999771118164
1977,2018-11-08,19.020000457763672
1978,2018-11-09,18.899999618530273
1979,2018-11-12,18.799999237060547
1980,2018-11-13,18.84000015258789
1981,2018-11-14,18.829999923706055
1982,2018-11-15,19.049999237060547
1983,2018-11-16,19.260000228881836
1984,2018-11-19,19.149999618530273
1985,2018-11-20,19.18000030517578
1986,2018-11-21,19.040000915527344
1987,2018-11-23,18.93000030517578
1988,2018-11-26,19.170000076293945
1989,2018-11-27,19.149999618530273
1990,2018-11-28,19.209999084472656
1991,2018-11-29,19.299999237060547
1992,2018-11-30,19.0
1993,2018-12-03,19.350000381469727
1994,2018-12-04,18.719999313354492
1995,2018-12-06,18.850000381469727
1996,2018-12-07,18.389999389648438
1997,2018-12-10,18.110000610351562
1998,2018-12-11,17.969999313354492
1999,2018-12-12,17.850000381469727
2000,2018-12-13,17.780000686645508
2001,2018-12-14,17.780000686645508
2002,2018-12-17,17.31999969482422
2003,2018-12-18,17.59000015258789
2004,2018-12-19,17.219999313354492
2005,2018-12-20,16.520000457763672
2006,2018-12-21,16.540000915527344
2007,2018-12-24,15.9399995803833
2008,2018-12-26,16.84000015258789
2009,2018-12-27,16.84000015258789
2010,2018-12-28,16.68000030517578
2011,2018-12-31,16.670000076293945
2012,2019-01-02,16.389999389648438
2013,2019-01-03,16.350000381469727
2014,2019-01-04,16.8700008392334
2015,2019-01-07,16.979999542236328
2016,2019-01-08,17.399999618530273
2017,2019-01-09,17.459999084472656
2018,2019-01-10,17.68000030517578
2019,2019-01-11,17.739999771118164
2020,2019-01-14,17.5
2021,2019-01-15,17.459999084472656
2022,2019-01-16,17.469999313354492
2023,2019-01-17,17.530000686645508
2024,2019-01-18,17.520000457763672
2025,2019-01-22,17.260000228881836
2026,2019-01-23,17.049999237060547
2027,2019-01-24,17.190000534057617
2028,2019-01-25,17.489999771118164
2029,2019-01-28,17.68000030517578
2030,2019-01-29,17.889999389648438
2031,2019-01-30,18.15999984741211
2032,2019-01-31,18.059999465942383
2033,2019-02-01,18.040000915527344
2034,2019-02-04,18.219999313354492
2035,2019-02-05,18.31999969482422
2036,2019-02-06,18.209999084472656
2037,2019-02-07,18.190000534057617
2038,2019-02-08,17.969999313354492
2039,2019-02-11,17.899999618530273
2040,2019-02-12,17.979999542236328
2041,2019-02-13,18.360000610351562
2042,2019-02-14,18.34000015258789
2043,2019-02-15,18.639999389648438
2044,2019-02-19,18.520000457763672
2045,2019-02-20,19.68000030517578
2046,2019-02-21,19.790000915527344
2047,2019-02-22,20.139999389648438
2048,2019-02-25,19.799999237060547
2049,2019-02-26,19.700000762939453
2050,2019-02-27,19.5
2051,2019-02-28,19.610000610351562
2052,2019-03-01,19.549999237060547
2053,2019-03-04,19.799999237060547
2054,2019-03-05,19.84000015258789
2055,2019-03-06,19.729999542236328
2056,2019-03-07,19.3799991607666
2057,2019-03-08,19.290000915527344
2058,2019-03-11,19.440000534057617
2059,2019-03-12,19.15999984741211
2060,2019-03-13,19.170000076293945
2061,2019-03-14,19.219999313354492
2062,2019-03-15,19.15999984741211
2063,2019-03-18,19.200000762939453
2064,2019-03-19,19.09000015258789
2065,2019-03-20,19.1200008392334
2066,2019-03-21,19.149999618530273
2067,2019-03-22,18.799999237060547
2068,2019-03-25,18.700000762939453
2069,2019-03-26,19.09000015258789
2070,2019-03-27,19.0
2071,2019-03-28,18.969999313354492
2072,2019-03-29,18.899999618530273
2073,2019-04-01,19.280000686645508
2074,2019-04-02,19.440000534057617
2075,2019-04-03,19.299999237060547
2076,2019-04-04,19.25
2077,2019-04-05,19.329999923706055
2078,2019-04-08,19.389999389648438
2079,2019-04-09,18.950000762939453
2080,2019-04-10,19.15999984741211
2081,2019-04-11,19.06999969482422
2082,2019-04-12,19.219999313354492
2083,2019-04-15,19.020000457763672
2084,2019-04-16,19.0
2085,2019-04-17,18.809999465942383
2086,2019-04-18,18.899999618530273
2087,2019-04-22,18.690000534057617
2088,2019-04-23,18.920000076293945
2089,2019-04-24,18.950000762939453
2090,2019-04-25,18.899999618530273
2091,2019-04-26,19.18000030517578
2092,2019-04-29,19.229999542236328
2093,2019-04-30,19.239999771118164
2094,2019-05-01,19.479999542236328
2095,2019-05-02,19.600000381469727
2096,2019-05-03,19.8799991607666
2097,2019-05-06,19.8799991607666
2098,2019-05-07,19.360000610351562
2099,2019-05-08,19.06999969482422
2100,2019-05-09,19.010000228881836
2101,2019-05-10,19.209999084472656
2102,2019-05-13,18.829999923706055
2103,2019-05-14,18.989999771118164
2104,2019-05-15,19.280000686645508
2105,2019-05-16,19.34000015258789
2106,2019-05-17,19.18000030517578
2107,2019-05-20,18.969999313354492
2108,2019-05-21,19.18000030517578
2109,2019-05-22,19.1200008392334
2110,2019-05-23,19.139999389648438
2111,2019-05-24,19.260000228881836
2112,2019-05-28,18.8799991607666
2113,2019-05-29,18.579999923706055
2114,2019-05-30,18.399999618530273
2115,2019-05-31,18.110000610351562
2116,2019-06-03,18.049999237060547
2117,2019-06-04,18.100000381469727
2118,2019-06-05,18.209999084472656
2119,2019-06-06,18.1299991607666
2120,2019-06-07,18.34000015258789
2121,2019-06-10,18.479999542236328
2122,2019-06-11,18.579999923706055
2123,2019-06-12,18.43000030517578
2124,2019-06-13,18.540000915527344
2125,2019-06-14,18.309999465942383
2126,2019-06-17,18.540000915527344
2127,2019-06-18,18.649999618530273
2128,2019-06-19,18.469999313354492
2129,2019-06-20,18.649999618530273
2130,2019-06-21,18.170000076293945
2131,2019-06-24,17.8700008392334
2132,2019-06-25,17.799999237060547
2133,2019-06-26,17.81999969482422
2134,2019-06-27,18.010000228881836
2135,2019-06-28,18.219999313354492
2136,2019-07-01,18.170000076293945
2137,2019-07-02,18.239999771118164
2138,2019-07-03,18.459999084472656
2139,2019-07-05,18.40999984741211
2140,2019-07-08,18.34000015258789
2141,2019-07-09,18.079999923706055
2142,2019-07-10,18.34000015258789
2143,2019-07-11,18.15999984741211
2144,2019-07-12,18.200000762939453
2145,2019-07-15,18.1299991607666
2146,2019-07-16,18.299999237060547
2147,2019-07-17,17.899999618530273
2148,2019-07-18,17.799999237060547
2149,2019-07-19,17.670000076293945
2150,2019-07-22,17.469999313354492
2151,2019-07-23,17.850000381469727
2152,2019-07-24,17.850000381469727
2153,2019-07-25,17.719999313354492
2154,2019-07-26,17.610000610351562
2155,2019-07-29,17.5
2156,2019-07-30,17.68000030517578
2157,2019-07-31,17.389999389648438
2158,2019-08-01,17.059999465942383
2159,2019-08-02,17.06999969482422
2160,2019-08-05,16.600000381469727
2161,2019-08-06,16.760000228881836
2162,2019-08-07,16.6200008392334
2163,2019-08-08,16.799999237060547
2164,2019-08-09,16.639999389648438
2165,2019-08-12,16.31999969482422
2166,2019-08-13,16.5
2167,2019-08-14,15.819999694824219
2168,2019-08-15,15.600000381469727
2169,2019-08-16,15.850000381469727
2170,2019-08-19,15.989999771118164
2171,2019-08-20,15.949999809265137
2172,2019-08-21,15.9399995803833
2173,2019-08-22,16.09000015258789
2174,2019-08-23,15.6899995803833
2175,2019-08-26,15.770000457763672
2176,2019-08-27,15.739999771118164
2177,2019-08-28,15.779999732971191
2178,2019-08-29,15.979999542236328
2179,2019-08-30,16.040000915527344
2180,2019-09-03,16.030000686645508
2181,2019-09-04,16.34000015258789
2182,2019-09-05,16.719999313354492
2183,2019-09-06,16.65999984741211
2184,2019-09-09,17.139999389648438
2185,2019-09-10,17.43000030517578
2186,2019-09-11,17.420000076293945
2187,2019-09-12,17.079999923706055
2188,2019-09-13,17.31999969482422
2189,2019-09-16,17.40999984741211
2190,2019-09-17,17.25
2191,2019-09-18,17.299999237060547
2192,2019-09-19,17.270000457763672
2193,2019-09-20,17.239999771118164
2194,2019-09-23,17.219999313354492
2195,2019-09-24,17.100000381469727
2196,2019-09-25,17.059999465942383
2197,2019-09-26,16.899999618530273
2198,2019-09-27,17.110000610351562
2199,2019-09-30,17.290000915527344
2200,2019-10-01,16.979999542236328
2201,2019-10-02,16.59000015258789
2202,2019-10-03,16.649999618530273
2203,2019-10-04,16.6200008392334
2204,2019-10-07,16.799999237060547
2205,2019-10-08,16.450000762939453
2206,2019-10-09,16.43000030517578
2207,2019-10-10,16.510000228881836
2208,2019-10-11,16.65999984741211
2209,2019-10-14,16.309999465942383
2210,2019-10-15,16.40999984741211
2211,2019-10-16,16.350000381469727
2212,2019-10-17,16.420000076293945
2213,2019-10-18,16.440000534057617
2214,2019-10-21,16.799999237060547
2215,2019-10-22,16.780000686645508
2216,2019-10-23,16.850000381469727
2217,2019-10-24,16.790000915527344
2218,2019-10-25,16.68000030517578
2219,2019-10-28,16.700000762939453
2220,2019-10-29,16.610000610351562
2221,2019-10-30,16.65999984741211
2222,2019-10-31,16.389999389648438
2223,2019-11-01,16.760000228881836
2224,2019-11-04,17.1299991607666
2225,2019-11-05,17.40999984741211
2226,2019-11-06,17.43000030517578
2227,2019-11-07,16.950000762939453
2228,2019-11-08,17.170000076293945
2229,2019-11-11,17.040000915527344
2230,2019-11-12,16.790000915527344
2231,2019-11-13,16.850000381469727
2232,2019-11-14,17.059999465942383
2233,2019-11-15,17.139999389648438
2234,2019-11-18,17.219999313354492
2235,2019-11-19,17.190000534057617
2236,2019-11-20,16.850000381469727
2237,2019-11-21,16.760000228881836
2238,2019-11-22,16.90999984741211
2239,2019-11-25,17.139999389648438
2240,2019-11-26,17.479999542236328
2241,2019-11-27,17.75
2242,2019-11-29,17.489999771118164
2243,2019-12-02,17.5
2244,2019-12-03,17.540000915527344
2245,2019-12-04,17.549999237060547
2246,2019-12-05,17.719999313354492
2247,2019-12-06,17.889999389648438
2248,2019-12-09,17.950000762939453
2249,2019-12-10,17.899999618530273
2250,2019-12-11,17.90999984741211
2251,2019-12-12,17.860000610351562
2252,2019-12-13,17.950000762939453
2253,2019-12-16,18.270000457763672
2254,2019-12-17,18.34000015258789
2255,2019-12-18,18.510000228881836
2256,2019-12-19,18.639999389648438
2257,2019-12-20,18.709999084472656
2258,2019-12-23,18.700000762939453
2259,2019-12-24,18.719999313354492
2260,2019-12-26,18.81999969482422
2261,2019-12-27,18.860000610351562
2262,2019-12-30,18.6299991607666
2263,2019-12-31,18.549999237060547
2264,2020-01-02,18.229999542236328
2265,2020-01-03,18.040000915527344
2266,2020-01-06,17.56999969482422
2267,2020-01-07,17.520000457763672
2268,2020-01-08,17.639999389648438
2269,2020-01-09,17.43000030517578
2270,2020-01-10,17.520000457763672
2271,2020-01-13,17.670000076293945
2272,2020-01-14,17.68000030517578
2273,2020-01-15,17.639999389648438
2274,2020-01-16,17.8799991607666
2275,2020-01-17,17.8799991607666
2276,2020-01-21,17.59000015258789
2277,2020-01-22,17.520000457763672
2278,2020-01-23,17.450000762939453
2279,2020-01-24,17.079999923706055
2280,2020-01-27,16.65999984741211
2281,2020-01-28,16.889999389648438
2282,2020-01-29,16.770000457763672
2283,2020-01-30,16.549999237060547
2284,2020-01-31,16.34000015258789
2285,2020-02-03,16.350000381469727
2286,2020-02-04,16.84000015258789
2287,2020-02-05,17.040000915527344
2288,2020-02-06,17.0
2289,2020-02-07,16.700000762939453
2290,2020-02-10,16.690000534057617
2291,2020-02-11,16.93000030517578
2292,2020-02-12,17.09000015258789
2293,2020-02-13,16.8700008392334
2294,2020-02-14,16.90999984741211
2295,2020-02-18,16.850000381469727
2296,2020-02-19,16.709999084472656
2297,2020-02-20,17.18000030517578
2298,2020-02-21,17.3799991607666
2299,2020-02-24,16.43000030517578
2300,2020-02-25,15.390000343322754
2301,2020-02-26,14.890000343322754
2302,2020-02-27,14.779999732971191
2303,2020-02-28,14.479999542236328
2304,2020-03-02,14.970000267028809
2305,2020-03-03,14.170000076293945
2306,2020-03-04,14.270000457763672
2307,2020-03-05,13.149999618530273
2308,2020-03-06,13.460000038146973
2309,2020-03-09,12.069999694824219
2310,2020-03-10,12.619999885559082
2311,2020-03-11,11.550000190734863
2312,2020-03-12,10.510000228881836
2313,2020-03-13,11.40999984741211
2314,2020-03-16,9.619999885559082
2315,2020-03-17,10.069999694824219
2316,2020-03-18,9.3100004196167
2317,2020-03-19,10.350000381469727
2318,2020-03-20,10.640000343322754
2319,2020-03-23,10.680000305175781
2320,2020-03-24,11.109999656677246
2321,2020-03-25,12.140000343322754
2322,2020-03-26,12.460000038146973
2323,2020-03-27,11.279999732971191
2324,2020-03-30,11.420000076293945
2325,2020-03-31,11.039999961853027
2326,2020-04-01,10.279999732971191
2327,2020-04-02,9.550000190734863
2328,2020-04-03,9.0600004196167
2329,2020-04-06,10.420000076293945
2330,2020-04-07,10.6899995803833
2331,2020-04-08,11.260000228881836
2332,2020-04-09,11.90999984741211
2333,2020-04-13,11.40999984741211
2334,2020-04-14,11.4399995803833
2335,2020-04-15,11.270000457763672
2336,2020-04-16,11.0
2337,2020-04-17,11.369999885559082
2338,2020-04-20,10.800000190734863
2339,2020-04-21,10.5600004196167
2340,2020-04-22,10.619999885559082
2341,2020-04-23,10.8100004196167
2342,2020-04-24,11.100000381469727
2343,2020-04-27,11.569999694824219
2344,2020-04-28,11.6899995803833
2345,2020-04-29,12.569999694824219
2346,2020-04-30,12.3100004196167
2347,2020-05-01,11.4399995803833
2348,2020-05-04,11.109999656677246
2349,2020-05-05,10.970000267028809
2350,2020-05-06,10.529999732971191
2351,2020-05-07,11.050000190734863
2352,2020-05-08,11.0600004196167
2353,2020-05-11,10.170000076293945
2354,2020-05-12,9.829999923706055
2355,2020-05-13,9.449999809265137
2356,2020-05-14,10.039999961853027
2357,2020-05-15,10.0600004196167
2358,2020-05-18,11.779999732971191
2359,2020-05-19,11.550000190734863
2360,2020-05-20,11.539999961853027
2361,2020-05-21,11.430000305175781
2362,2020-05-22,11.229999542236328
2363,2020-05-26,12.170000076293945
2364,2020-05-27,12.520000457763672
2365,2020-05-28,12.029999732971191
2366,2020-05-29,11.9399995803833
2367,2020-06-01,12.25
2368,2020-06-02,12.279999732971191
2369,2020-06-03,12.609999656677246
2370,2020-06-04,13.0600004196167
2371,2020-06-05,14.010000228881836
2372,2020-06-08,14.819999694824219
2373,2020-06-09,14.449999809265137
2374,2020-06-10,13.289999961853027
2375,2020-06-11,12.170000076293945
2376,2020-06-12,12.640000343322754
2377,2020-06-15,12.449999809265137
2378,2020-06-16,12.8100004196167
2379,2020-06-17,12.3100004196167
2380,2020-06-18,12.199999809265137
2381,2020-06-19,11.670000076293945
2382,2020-06-22,11.289999961853027
2383,2020-06-23,11.239999771118164
2384,2020-06-24,10.979999542236328
2385,2020-06-25,10.859999656677246
2386,2020-06-26,10.739999771118164
2387,2020-06-29,10.960000038146973
2388,2020-06-30,10.789999961853027
2389,2020-07-01,10.890000343322754
2390,2020-07-02,10.949999809265137
2391,2020-07-06,11.210000038146973
2392,2020-07-07,10.84000015258789
2393,2020-07-08,10.729999542236328
2394,2020-07-09,10.510000228881836
2395,2020-07-10,10.84000015258789
2396,2020-07-13,10.819999694824219
2397,2020-07-14,10.609999656677246
2398,2020-07-15,11.619999885559082
2399,2020-07-16,11.25
2400,2020-07-17,11.010000228881836
2401,2020-07-20,10.600000381469727
2402,2020-07-21,10.890000343322754
2403,2020-07-22,10.869999885559082
2404,2020-07-23,10.729999542236328
2405,2020-07-24,10.5
2406,2020-07-27,10.319999694824219
2407,2020-07-28,10.520000457763672
2408,2020-07-29,11.020000457763672
2409,2020-07-30,10.84000015258789
2410,2020-07-31,10.779999732971191
2411,2020-08-03,10.3100004196167
2412,2020-08-04,10.90999984741211
2413,2020-08-05,10.890000343322754
2414,2020-08-06,10.760000228881836
2415,2020-08-07,11.5
2416,2020-08-10,11.880000114440918
2417,2020-08-11,11.670000076293945
2418,2020-08-12,11.569999694824219
2419,2020-08-13,11.270000457763672
2420,2020-08-14,11.25
2421,2020-08-17,10.890000343322754
2422,2020-08-18,10.779999732971191
2423,2020-08-19,10.789999961853027
2424,2020-08-20,10.739999771118164
2425,2020-08-21,10.600000381469727
2426,2020-08-24,11.09000015258789
2427,2020-08-25,11.300000190734863
2428,2020-08-26,11.010000228881836
2429,2020-08-27,11.329999923706055
2430,2020-08-28,11.6899995803833
2431,2020-08-31,11.229999542236328
2432,2020-09-01,11.279999732971191
2433,2020-09-02,11.420000076293945
2434,2020-09-03,11.569999694824219
2435,2020-09-04,11.9399995803833
2436,2020-09-08,11.640000343322754
2437,2020-09-09,11.649999618530273
2438,2020-09-10,11.399999618530273
2439,2020-09-11,11.130000114440918
2440,2020-09-14,11.920000076293945
2441,2020-09-15,12.020000457763672
2442,2020-09-16,12.0600004196167
2443,2020-09-17,11.649999618530273
2444,2020-09-18,11.149999618530273
2445,2020-09-21,10.489999771118164
2446,2020-09-22,10.399999618530273
2447,2020-09-23,10.239999771118164
2448,2020-09-24,10.1899995803833
2449,2020-09-25,10.640000343322754
2450,2020-09-28,10.930000305175781
2451,2020-09-29,10.729999542236328
2452,2020-09-30,10.789999961853027
2453,2020-10-01,11.140000343322754
2454,2020-10-02,11.289999961853027
2455,2020-10-05,11.380000114440918
2456,2020-10-06,11.300000190734863
2457,2020-10-07,11.609999656677246
2458,2020-10-08,11.850000381469727
2459,2020-10-09,11.579999923706055
2460,2020-10-12,11.489999771118164
2461,2020-10-13,11.170000076293945
2462,2020-10-14,10.949999809265137
2463,2020-10-15,11.020000457763672
2464,2020-10-16,10.949999809265137
2465,2020-10-19,10.670000076293945
2466,2020-10-20,10.779999732971191
2467,2020-10-21,11.039999961853027
2468,2020-10-22,11.479999542236328
2469,2020-10-23,11.640000343322754
2470,2020-10-26,11.1899995803833
2471,2020-10-27,10.859999656677246
2472,2020-10-28,10.449999809265137
2473,2020-10-29,10.520000457763672
2474,2020-10-30,10.479999542236328
2475,2020-11-02,10.9399995803833
2476,2020-11-03,11.380000114440918
2477,2020-11-04,10.989999771118164
2478,2020-11-05,10.930000305175781
2479,2020-11-06,10.489999771118164
2480,2020-11-09,13.640000343322754
2481,2020-11-10,13.380000114440918
2482,2020-11-11,12.819999694824219
2483,2020-11-12,12.210000038146973
2484,2020-11-13,13.25
2485,2020-11-16,13.729999542236328
2486,2020-11-17,14.140000343322754
2487,2020-11-18,14.149999618530273
2488,2020-11-19,14.449999809265137
2489,2020-11-20,14.149999618530273
2490,2020-11-23,14.710000038146973
2491,2020-11-24,14.829999923706055
2492,2020-11-25,14.729999542236328
2493,2020-11-27,14.619999885559082
2494,2020-11-30,14.029999732971191
2495,2020-12-01,14.510000228881836
2496,2020-12-02,14.899999618530273
2497,2020-12-03,15.109999656677246
2498,2020-12-04,15.649999618530273
2499,2020-12-07,15.170000076293945
2500,2020-12-08,15.140000343322754
2501,2020-12-09,15.180000305175781
2502,2020-12-10,14.829999923706055
2503,2020-12-11,14.510000228881836
2504,2020-12-14,14.029999732971191
2505,2020-12-15,14.510000228881836
2506,2020-12-16,14.420000076293945
2507,2020-12-17,14.289999961853027
2508,2020-12-18,14.09000015258789
2509,2020-12-21,13.770000457763672
2510,2020-12-22,13.619999885559082
2511,2020-12-23,14.039999961853027
2512,2020-12-24,14.199999809265137
2513,2020-12-28,14.5600004196167
2514,2020-12-29,14.350000381469727
2515,2020-12-30,14.600000381469727
2516,2020-12-31,14.630000114440918
2517,2021-01-04,14.149999618530273
2518,2021-01-05,13.949999809265137
2519,2021-01-06,14.75
2520,2021-01-07,14.680000305175781
2521,2021-01-08,14.720000267028809
2522,2021-01-11,14.369999885559082
2523,2021-01-12,14.59000015258789
2524,2021-01-13,14.75
2525,2021-01-14,15.010000228881836
2526,2021-01-15,14.6899995803833
2527,2021-01-19,14.760000228881836
2528,2021-01-20,14.949999809265137
2529,2021-01-21,14.640000343322754
2530,2021-01-22,14.420000076293945
2531,2021-01-25,13.890000343322754
2532,2021-01-26,13.5
2533,2021-01-27,13.600000381469727
2534,2021-01-28,14.25
2535,2021-01-29,13.550000190734863
2536,2021-02-01,13.640000343322754
2537,2021-02-02,14.1899995803833
2538,2021-02-03,14.1899995803833
2539,2021-02-04,14.130000114440918
2540,2021-02-05,14.199999809265137
2541,2021-02-08,14.300000190734863
2542,2021-02-09,13.869999885559082
2543,2021-02-10,14.09000015258789
2544,2021-02-11,14.600000381469727
2545,2021-02-12,14.899999618530273
2546,2021-02-16,15.609999656677246
2547,2021-02-17,15.65999984741211
2548,2021-02-18,16.030000686645508
2549,2021-02-19,16.739999771118164
2550,2021-02-22,16.690000534057617
2551,2021-02-23,16.59000015258789
2552,2021-02-24,17.1200008392334
2553,2021-02-25,16.360000610351562
2554,2021-02-26,16.59000015258789
2555,2021-03-01,16.420000076293945
2556,2021-03-02,16.010000228881836
2557,2021-03-03,16.229999542236328
2558,2021-03-04,15.84000015258789
2559,2021-03-05,15.800000190734863
2560,2021-03-08,16.440000534057617
2561,2021-03-09,16.450000762939453
2562,2021-03-10,16.540000915527344
2563,2021-03-11,16.93000030517578
2564,2021-03-12,17.229999542236328
2565,2021-03-15,18.0
2566,2021-03-16,17.719999313354492
2567,2021-03-17,18.420000076293945
2568,2021-03-18,17.989999771118164
2569,2021-03-19,17.81999969482422
2570,2021-03-22,17.559999465942383
2571,2021-03-23,16.860000610351562
2572,2021-03-24,17.06999969482422
2573,2021-03-25,17.010000228881836
2574,2021-03-26,17.190000534057617
2575,2021-03-29,16.920000076293945
2576,2021-03-30,17.299999237060547
2577,2021-03-31,16.850000381469727
2578,2021-04-01,17.110000610351562
2579,2021-04-05,17.299999237060547
2580,2021-04-06,17.329999923706055
2581,2021-04-07,17.520000457763672
2582,2021-04-08,17.540000915527344
2583,2021-04-09,17.34000015258789
2584,2021-04-12,17.25
2585,2021-04-13,17.190000534057617
2586,2021-04-14,17.43000030517578
2587,2021-04-15,17.559999465942383
2588,2021-04-16,17.479999542236328
2589,2021-04-19,17.399999618530273
2590,2021-04-20,16.940000534057617
2591,2021-04-21,17.350000381469727
2592,2021-04-22,17.09000015258789
2593,2021-04-23,17.290000915527344
2594,2021-04-26,17.43000030517578
2595,2021-04-27,17.950000762939453
2596,2021-04-28,18.280000686645508
2597,2021-04-29,18.43000030517578
2598,2021-04-30,18.15999984741211
2599,2021-05-03,18.06999969482422
2600,2021-05-04,17.56999969482422
2601,2021-05-05,17.530000686645508
2602,2021-05-06,17.1200008392334
2603,2021-05-07,17.579999923706055
2604,2021-05-10,17.110000610351562
2605,2021-05-11,16.989999771118164
2606,2021-05-12,16.510000228881836
2607,2021-05-13,16.700000762939453
2608,2021-05-14,17.329999923706055
2609,2021-05-17,17.3799991607666
2610,2021-05-18,17.350000381469727
2611,2021-05-19,17.010000228881836
2612,2021-05-20,16.969999313354492
2613,2021-05-21,16.940000534057617
2614,2021-05-24,17.010000228881836
2615,2021-05-25,16.790000915527344
2616,2021-05-26,17.059999465942383
2617,2021-05-27,17.1299991607666
2618,2021-05-28,17.170000076293945
2619,2021-06-01,17.670000076293945
2620,2021-06-02,17.700000762939453
2621,2021-06-03,17.43000030517578
2622,2021-06-04,17.479999542236328
